PaQXG@ya.ru,DELETE,2024-09-13 20:16:53
fMFQJPH@mail.ru,READ,2024-09-13 22:02:54
mNMsiOdT@mail.ru,DELETE,2024-09-13 07:23:25
mnxYneVe@gmail.com,CREATE,2024-09-13 02:17:54
mNMsiOdT@mail.ru,CREATE,2024-09-13 12:32:14
PaQXG@ya.ru,READ,2024-09-13 05:00:25
eYGkusKol@ya.ru,READ,2024-09-13 08:00:58
boSbNaTv@ya.ru,UPDATE,2024-09-13 22:40:44
oexVCV@mail.ru,READ,2024-09-13 06:21:45
FRLRU@mail.ru,CREATE,2024-09-13 13:49:32
BmHxUp@mail.ru,READ,2024-09-13 13:56:27
PaQXG@ya.ru,DELETE,2024-09-13 19:07:02
FRLRU@mail.ru,UPDATE,2024-09-13 06:58:59
FRLRU@mail.ru,DELETE,2024-09-13 09:44:09
PuNrIiPJpHKVRU@ya.ru,DELETE,2024-09-13 15:05:15
FRLRU@mail.ru,UPDATE,2024-09-13 21:37:57
boSbNaTv@ya.ru,DELETE,2024-09-13 13:24:58
eYGkusKol@ya.ru,UPDATE,2024-09-13 11:58:10
FRLRU@mail.ru,UPDATE,2024-09-13 17:28:19
fMFQJPH@mail.ru,READ,2024-09-13 17:46:32
PuNrIiPJpHKVRU@ya.ru,UPDATE,2024-09-13 22:26:57
eYGkusKol@ya.ru,UPDATE,2024-09-13 00:27:52
boSbNaTv@ya.ru,CREATE,2024-09-13 18:52:37
oexVCV@mail.ru,UPDATE,2024-09-13 13:09:22
fMFQJPH@mail.ru,DELETE,2024-09-13 01:42:30
mnxYneVe@gmail.com,READ,2024-09-13 21:18:58
PuNrIiPJpHKVRU@ya.ru,CREATE,2024-09-13 15:34:56
boSbNaTv@ya.ru,DELETE,2024-09-13 06:11:03
FRLRU@mail.ru,READ,2024-09-13 18:12:07
fMFQJPH@mail.ru,UPDATE,2024-09-13 00:05:00
eYGkusKol@ya.ru,READ,2024-09-13 04:46:49
boSbNaTv@ya.ru,UPDATE,2024-09-13 14:42:46
oexVCV@mail.ru,UPDATE,2024-09-13 02:18:17
PaQXG@ya.ru,CREATE,2024-09-13 00:49:05
oexVCV@mail.ru,CREATE,2024-09-13 10:25:48
BmHxUp@mail.ru,READ,2024-09-13 09:44:31
BmHxUp@mail.ru,READ,2024-09-13 21:08:55
oexVCV@mail.ru,DELETE,2024-09-13 10:29:47
PaQXG@ya.ru,READ,2024-09-13 11:44:56
eYGkusKol@ya.ru,DELETE,2024-09-13 03:27:17
mNMsiOdT@mail.ru,READ,2024-09-13 00:43:02
boSbNaTv@ya.ru,UPDATE,2024-09-13 20:07:10
boSbNaTv@ya.ru,CREATE,2024-09-13 17:14:35
eYGkusKol@ya.ru,CREATE,2024-09-13 06:17:05
FRLRU@mail.ru,DELETE,2024-09-13 09:47:06
FRLRU@mail.ru,DELETE,2024-09-13 15:42:11
mNMsiOdT@mail.ru,READ,2024-09-13 07:45:35
eYGkusKol@ya.ru,DELETE,2024-09-13 11:40:20
oexVCV@mail.ru,UPDATE,2024-09-13 23:27:48
eYGkusKol@ya.ru,CREATE,2024-09-13 12:32:55
fMFQJPH@mail.ru,UPDATE,2024-09-13 14:25:50
mNMsiOdT@mail.ru,DELETE,2024-09-13 06:55:05
PaQXG@ya.ru,CREATE,2024-09-13 10:29:10
BmHxUp@mail.ru,CREATE,2024-09-13 01:37:48
oexVCV@mail.ru,DELETE,2024-09-13 23:39:09
eYGkusKol@ya.ru,READ,2024-09-13 05:00:30
eYGkusKol@ya.ru,READ,2024-09-13 08:28:23
eYGkusKol@ya.ru,DELETE,2024-09-13 21:32:02
boSbNaTv@ya.ru,UPDATE,2024-09-13 10:09:42
PaQXG@ya.ru,CREATE,2024-09-13 19:42:35
fMFQJPH@mail.ru,READ,2024-09-13 08:26:22
mNMsiOdT@mail.ru,UPDATE,2024-09-13 21:42:52
PuNrIiPJpHKVRU@ya.ru,READ,2024-09-13 00:46:17
oexVCV@mail.ru,DELETE,2024-09-13 16:22:12
boSbNaTv@ya.ru,UPDATE,2024-09-13 23:47:00
oexVCV@mail.ru,DELETE,2024-09-13 23:03:52
eYGkusKol@ya.ru,UPDATE,2024-09-13 18:18:25
boSbNaTv@ya.ru,READ,2024-09-13 18:04:23
eYGkusKol@ya.ru,UPDATE,2024-09-13 20:47:32
PaQXG@ya.ru,CREATE,2024-09-13 11:13:21
mnxYneVe@gmail.com,CREATE,2024-09-13 02:32:08
PuNrIiPJpHKVRU@ya.ru,READ,2024-09-13 09:54:32
fMFQJPH@mail.ru,CREATE,2024-09-13 12:00:36
boSbNaTv@ya.ru,DELETE,2024-09-13 14:42:28
BmHxUp@mail.ru,CREATE,2024-09-13 15:54:32
oexVCV@mail.ru,READ,2024-09-13 19:30:48
mNMsiOdT@mail.ru,READ,2024-09-13 04:10:31
PaQXG@ya.ru,DELETE,2024-09-13 15:43:41
BmHxUp@mail.ru,DELETE,2024-09-13 13:44:53
fMFQJPH@mail.ru,UPDATE,2024-09-13 17:18:20
mnxYneVe@gmail.com,DELETE,2024-09-13 16:03:47
FRLRU@mail.ru,READ,2024-09-13 23:13:33
PuNrIiPJpHKVRU@ya.ru,UPDATE,2024-09-13 19:34:10
FRLRU@mail.ru,DELETE,2024-09-13 18:50:08
FRLRU@mail.ru,DELETE,2024-09-13 11:19:10
eYGkusKol@ya.ru,DELETE,2024-09-13 08:07:53
BmHxUp@mail.ru,READ,2024-09-13 23:56:23
PaQXG@ya.ru,CREATE,2024-09-13 07:14:42
PaQXG@ya.ru,DELETE,2024-09-13 02:18:54
boSbNaTv@ya.ru,CREATE,2024-09-13 08:12:30
boSbNaTv@ya.ru,READ,2024-09-13 14:18:26
PuNrIiPJpHKVRU@ya.ru,READ,2024-09-13 22:23:04
BmHxUp@mail.ru,UPDATE,2024-09-13 02:55:39
FRLRU@mail.ru,READ,2024-09-13 13:37:24
mnxYneVe@gmail.com,READ,2024-09-13 05:40:50
BmHxUp@mail.ru,CREATE,2024-09-13 23:42:56
mNMsiOdT@mail.ru,CREATE,2024-09-13 23:22:12
PuNrIiPJpHKVRU@ya.ru,DELETE,2024-09-13 04:46:34
PaQXG@ya.ru,UPDATE,2024-09-13 11:57:06
mnxYneVe@gmail.com,READ,2024-09-13 06:34:27
PaQXG@ya.ru,CREATE,2024-09-13 00:04:33
mNMsiOdT@mail.ru,UPDATE,2024-09-13 10:30:40
FRLRU@mail.ru,DELETE,2024-09-13 02:42:49
eYGkusKol@ya.ru,DELETE,2024-09-13 04:43:06
oexVCV@mail.ru,READ,2024-09-13 07:10:10
fMFQJPH@mail.ru,CREATE,2024-09-13 10:03:45
mnxYneVe@gmail.com,READ,2024-09-13 20:09:23
fMFQJPH@mail.ru,UPDATE,2024-09-13 19:31:41
PaQXG@ya.ru,DELETE,2024-09-13 19:46:36
mnxYneVe@gmail.com,DELETE,2024-09-13 00:49:34
mNMsiOdT@mail.ru,DELETE,2024-09-13 06:04:13
mNMsiOdT@mail.ru,CREATE,2024-09-13 14:45:31
BmHxUp@mail.ru,DELETE,2024-09-13 21:14:07
mNMsiOdT@mail.ru,CREATE,2024-09-13 11:40:57
mNMsiOdT@mail.ru,UPDATE,2024-09-13 16:07:27
eYGkusKol@ya.ru,CREATE,2024-09-13 20:54:22
eYGkusKol@ya.ru,DELETE,2024-09-13 17:30:46
eYGkusKol@ya.ru,UPDATE,2024-09-13 06:37:21
oexVCV@mail.ru,READ,2024-09-13 21:58:05
mnxYneVe@gmail.com,DELETE,2024-09-13 16:13:31
FRLRU@mail.ru,READ,2024-09-13 21:13:02
mNMsiOdT@mail.ru,READ,2024-09-13 05:34:59
FRLRU@mail.ru,READ,2024-09-13 18:03:00
PaQXG@ya.ru,UPDATE,2024-09-13 07:09:43
FRLRU@mail.ru,CREATE,2024-09-13 09:18:53
boSbNaTv@ya.ru,UPDATE,2024-09-13 17:55:24
mnxYneVe@gmail.com,DELETE,2024-09-13 18:23:00
FRLRU@mail.ru,READ,2024-09-13 05:16:18
fMFQJPH@mail.ru,UPDATE,2024-09-13 09:54:01
oexVCV@mail.ru,CREATE,2024-09-13 22:18:38
eYGkusKol@ya.ru,CREATE,2024-09-13 22:57:54
FRLRU@mail.ru,READ,2024-09-13 09:29:33
eYGkusKol@ya.ru,READ,2024-09-13 13:28:16
PaQXG@ya.ru,READ,2024-09-13 13:59:06
BmHxUp@mail.ru,UPDATE,2024-09-13 08:40:16
boSbNaTv@ya.ru,READ,2024-09-13 03:49:56
PaQXG@ya.ru,CREATE,2024-09-13 14:50:42
mnxYneVe@gmail.com,READ,2024-09-13 11:41:31
PuNrIiPJpHKVRU@ya.ru,CREATE,2024-09-13 17:40:32
boSbNaTv@ya.ru,CREATE,2024-09-13 07:43:49
mNMsiOdT@mail.ru,READ,2024-09-13 09:08:55
mNMsiOdT@mail.ru,UPDATE,2024-09-13 21:39:23
eYGkusKol@ya.ru,UPDATE,2024-09-13 22:46:28
PaQXG@ya.ru,READ,2024-09-13 23:24:24
PaQXG@ya.ru,CREATE,2024-09-13 03:23:33
BmHxUp@mail.ru,UPDATE,2024-09-13 13:10:42
PuNrIiPJpHKVRU@ya.ru,DELETE,2024-09-13 13:40:02
eYGkusKol@ya.ru,CREATE,2024-09-13 10:59:21
mNMsiOdT@mail.ru,CREATE,2024-09-13 23:35:28
FRLRU@mail.ru,DELETE,2024-09-13 22:00:30
PaQXG@ya.ru,DELETE,2024-09-13 02:44:41
boSbNaTv@ya.ru,DELETE,2024-09-13 00:24:46
fMFQJPH@mail.ru,READ,2024-09-13 13:52:07
BmHxUp@mail.ru,UPDATE,2024-09-13 19:47:14
mNMsiOdT@mail.ru,CREATE,2024-09-13 03:13:44
mnxYneVe@gmail.com,UPDATE,2024-09-13 17:09:51
mnxYneVe@gmail.com,CREATE,2024-09-13 07:57:19
BmHxUp@mail.ru,UPDATE,2024-09-13 11:43:44
FRLRU@mail.ru,CREATE,2024-09-13 21:51:11
mNMsiOdT@mail.ru,UPDATE,2024-09-13 14:07:28
eYGkusKol@ya.ru,CREATE,2024-09-13 01:38:34
mNMsiOdT@mail.ru,UPDATE,2024-09-13 01:01:56
PuNrIiPJpHKVRU@ya.ru,CREATE,2024-09-13 05:33:23
eYGkusKol@ya.ru,DELETE,2024-09-13 22:49:47
boSbNaTv@ya.ru,CREATE,2024-09-13 22:29:06
eYGkusKol@ya.ru,UPDATE,2024-09-13 00:47:43
oexVCV@mail.ru,CREATE,2024-09-13 13:14:27
eYGkusKol@ya.ru,UPDATE,2024-09-13 20:12:59
PuNrIiPJpHKVRU@ya.ru,DELETE,2024-09-13 19:07:01
BmHxUp@mail.ru,CREATE,2024-09-13 17:48:14
eYGkusKol@ya.ru,CREATE,2024-09-13 07:38:20
PuNrIiPJpHKVRU@ya.ru,UPDATE,2024-09-13 02:42:54
PuNrIiPJpHKVRU@ya.ru,CREATE,2024-09-13 10:16:33
PuNrIiPJpHKVRU@ya.ru,UPDATE,2024-09-13 22:27:01
PaQXG@ya.ru,UPDATE,2024-09-13 21:32:08
FRLRU@mail.ru,READ,2024-09-13 00:46:44
oexVCV@mail.ru,CREATE,2024-09-13 06:15:19
eYGkusKol@ya.ru,CREATE,2024-09-13 08:07:37
boSbNaTv@ya.ru,CREATE,2024-09-13 10:26:50
oexVCV@mail.ru,UPDATE,2024-09-13 12:51:10
mNMsiOdT@mail.ru,READ,2024-09-13 19:59:41
mnxYneVe@gmail.com,DELETE,2024-09-13 04:05:00
fMFQJPH@mail.ru,UPDATE,2024-09-13 00:03:43
PaQXG@ya.ru,READ,2024-09-13 23:13:44
eYGkusKol@ya.ru,UPDATE,2024-09-13 01:37:02
PaQXG@ya.ru,UPDATE,2024-09-13 11:53:35
fMFQJPH@mail.ru,DELETE,2024-09-13 21:08:15
FRLRU@mail.ru,UPDATE,2024-09-13 01:29:32
boSbNaTv@ya.ru,CREATE,2024-09-13 20:51:51
BmHxUp@mail.ru,DELETE,2024-09-13 05:08:44
PuNrIiPJpHKVRU@ya.ru,DELETE,2024-09-13 23:31:23
FRLRU@mail.ru,CREATE,2024-09-13 12:19:24
BmHxUp@mail.ru,CREATE,2024-09-13 20:29:22
mNMsiOdT@mail.ru,READ,2024-09-13 02:38:44
FRLRU@mail.ru,READ,2024-09-13 07:49:45
mnxYneVe@gmail.com,UPDATE,2024-09-13 07:44:13
mNMsiOdT@mail.ru,DELETE,2024-09-13 23:49:41
FRLRU@mail.ru,DELETE,2024-09-13 01:22:30
oexVCV@mail.ru,CREATE,2024-09-13 19:26:13
PuNrIiPJpHKVRU@ya.ru,DELETE,2024-09-13 21:09:32
PuNrIiPJpHKVRU@ya.ru,UPDATE,2024-09-13 00:16:27
PaQXG@ya.ru,READ,2024-09-13 14:26:55
BmHxUp@mail.ru,READ,2024-09-13 11:38:17
mnxYneVe@gmail.com,UPDATE,2024-09-13 13:23:44
eYGkusKol@ya.ru,DELETE,2024-09-13 11:05:09
oexVCV@mail.ru,CREATE,2024-09-13 13:54:01
eYGkusKol@ya.ru,READ,2024-09-13 21:58:15
BmHxUp@mail.ru,DELETE,2024-09-13 00:55:05
oexVCV@mail.ru,CREATE,2024-09-13 00:24:03
PaQXG@ya.ru,CREATE,2024-09-13 07:16:49
FRLRU@mail.ru,DELETE,2024-09-13 18:23:35
eYGkusKol@ya.ru,DELETE,2024-09-13 16:38:23
eYGkusKol@ya.ru,READ,2024-09-13 22:44:47
mnxYneVe@gmail.com,READ,2024-09-13 18:32:51
FRLRU@mail.ru,READ,2024-09-13 07:07:18
eYGkusKol@ya.ru,DELETE,2024-09-13 15:28:49
BmHxUp@mail.ru,DELETE,2024-09-13 11:05:22
oexVCV@mail.ru,UPDATE,2024-09-13 04:07:20
eYGkusKol@ya.ru,UPDATE,2024-09-13 03:00:14
fMFQJPH@mail.ru,CREATE,2024-09-13 13:36:26
boSbNaTv@ya.ru,CREATE,2024-09-13 17:05:36
boSbNaTv@ya.ru,READ,2024-09-13 03:57:12
FRLRU@mail.ru,DELETE,2024-09-13 13:38:32
BmHxUp@mail.ru,CREATE,2024-09-13 17:44:40
oexVCV@mail.ru,READ,2024-09-13 07:55:51
mnxYneVe@gmail.com,CREATE,2024-09-13 00:52:12
boSbNaTv@ya.ru,DELETE,2024-09-13 18:31:11
boSbNaTv@ya.ru,CREATE,2024-09-13 06:55:36
eYGkusKol@ya.ru,CREATE,2024-09-13 02:19:19
PaQXG@ya.ru,UPDATE,2024-09-13 07:40:09
eYGkusKol@ya.ru,READ,2024-09-13 19:01:33
BmHxUp@mail.ru,READ,2024-09-13 19:27:08
eYGkusKol@ya.ru,UPDATE,2024-09-13 23:07:22
FRLRU@mail.ru,CREATE,2024-09-13 17:38:57
oexVCV@mail.ru,UPDATE,2024-09-13 20:50:15
fMFQJPH@mail.ru,UPDATE,2024-09-13 17:03:18
mnxYneVe@gmail.com,READ,2024-09-13 04:42:41
PaQXG@ya.ru,READ,2024-09-13 10:44:31
mnxYneVe@gmail.com,UPDATE,2024-09-13 03:40:42
mNMsiOdT@mail.ru,DELETE,2024-09-13 16:32:24
PuNrIiPJpHKVRU@ya.ru,READ,2024-09-13 12:23:42
PaQXG@ya.ru,READ,2024-09-13 15:23:32
oexVCV@mail.ru,CREATE,2024-09-13 04:54:44
fMFQJPH@mail.ru,CREATE,2024-09-13 14:51:48
mnxYneVe@gmail.com,UPDATE,2024-09-13 20:49:32
PuNrIiPJpHKVRU@ya.ru,UPDATE,2024-09-13 13:06:43
FRLRU@mail.ru,DELETE,2024-09-13 21:18:47
mNMsiOdT@mail.ru,DELETE,2024-09-13 04:04:10
mNMsiOdT@mail.ru,READ,2024-09-13 05:57:17
PuNrIiPJpHKVRU@ya.ru,CREATE,2024-09-13 19:14:08
PaQXG@ya.ru,DELETE,2024-09-13 12:40:50
fMFQJPH@mail.ru,UPDATE,2024-09-13 02:22:53
PaQXG@ya.ru,READ,2024-09-13 19:20:45
PuNrIiPJpHKVRU@ya.ru,DELETE,2024-09-13 01:22:31
FRLRU@mail.ru,CREATE,2024-09-13 19:23:27
mNMsiOdT@mail.ru,DELETE,2024-09-13 07:00:47
BmHxUp@mail.ru,CREATE,2024-09-13 02:50:48
eYGkusKol@ya.ru,DELETE,2024-09-13 09:08:43
PuNrIiPJpHKVRU@ya.ru,CREATE,2024-09-13 04:10:35
fMFQJPH@mail.ru,READ,2024-09-13 22:20:25
PuNrIiPJpHKVRU@ya.ru,DELETE,2024-09-13 19:12:04
fMFQJPH@mail.ru,CREATE,2024-09-13 06:33:22
oexVCV@mail.ru,UPDATE,2024-09-13 08:13:59
mnxYneVe@gmail.com,UPDATE,2024-09-13 07:15:33
PaQXG@ya.ru,UPDATE,2024-09-13 04:43:12
BmHxUp@mail.ru,DELETE,2024-09-13 15:28:38
PuNrIiPJpHKVRU@ya.ru,READ,2024-09-13 05:29:20
mnxYneVe@gmail.com,CREATE,2024-09-13 22:33:21
PaQXG@ya.ru,DELETE,2024-09-13 16:50:08
mNMsiOdT@mail.ru,DELETE,2024-09-13 02:15:24
eYGkusKol@ya.ru,CREATE,2024-09-13 11:15:50
eYGkusKol@ya.ru,READ,2024-09-13 12:23:33
mnxYneVe@gmail.com,DELETE,2024-09-13 08:26:28
oexVCV@mail.ru,DELETE,2024-09-13 08:10:45
BmHxUp@mail.ru,READ,2024-09-13 17:47:21
eYGkusKol@ya.ru,UPDATE,2024-09-13 03:24:19
mnxYneVe@gmail.com,DELETE,2024-09-13 04:01:37
PuNrIiPJpHKVRU@ya.ru,UPDATE,2024-09-13 08:37:59
mnxYneVe@gmail.com,UPDATE,2024-09-13 05:19:23
fMFQJPH@mail.ru,CREATE,2024-09-13 09:28:16
mNMsiOdT@mail.ru,CREATE,2024-09-13 15:54:03
boSbNaTv@ya.ru,UPDATE,2024-09-13 06:10:00
PuNrIiPJpHKVRU@ya.ru,CREATE,2024-09-13 03:03:36
mNMsiOdT@mail.ru,DELETE,2024-09-13 06:51:50
oexVCV@mail.ru,UPDATE,2024-09-13 19:25:29
PaQXG@ya.ru,UPDATE,2024-09-13 18:32:37
mNMsiOdT@mail.ru,UPDATE,2024-09-13 03:29:30
fMFQJPH@mail.ru,UPDATE,2024-09-13 13:50:02
boSbNaTv@ya.ru,DELETE,2024-09-13 19:38:10
BmHxUp@mail.ru,DELETE,2024-09-13 12:52:03
PaQXG@ya.ru,CREATE,2024-09-13 06:01:07
oexVCV@mail.ru,UPDATE,2024-09-13 07:08:24
mNMsiOdT@mail.ru,DELETE,2024-09-13 08:27:21
PuNrIiPJpHKVRU@ya.ru,DELETE,2024-09-13 06:02:40
FRLRU@mail.ru,UPDATE,2024-09-13 08:08:25
fMFQJPH@mail.ru,READ,2024-09-13 13:06:08
oexVCV@mail.ru,DELETE,2024-09-13 09:53:24
PaQXG@ya.ru,DELETE,2024-09-13 07:06:44
PuNrIiPJpHKVRU@ya.ru,READ,2024-09-13 06:46:17
BmHxUp@mail.ru,DELETE,2024-09-13 07:45:22
boSbNaTv@ya.ru,UPDATE,2024-09-13 11:18:44
fMFQJPH@mail.ru,READ,2024-09-13 02:55:36
fMFQJPH@mail.ru,DELETE,2024-09-13 06:26:58
eYGkusKol@ya.ru,CREATE,2024-09-13 07:09:28
FRLRU@mail.ru,DELETE,2024-09-13 05:07:23
fMFQJPH@mail.ru,UPDATE,2024-09-13 10:34:43
oexVCV@mail.ru,UPDATE,2024-09-13 21:05:26
eYGkusKol@ya.ru,READ,2024-09-13 16:28:11
PaQXG@ya.ru,CREATE,2024-09-13 02:30:43
mnxYneVe@gmail.com,CREATE,2024-09-13 06:28:55
oexVCV@mail.ru,UPDATE,2024-09-13 17:12:14
mNMsiOdT@mail.ru,READ,2024-09-13 07:50:38
oexVCV@mail.ru,UPDATE,2024-09-13 02:45:35
fMFQJPH@mail.ru,UPDATE,2024-09-13 09:25:08
PuNrIiPJpHKVRU@ya.ru,DELETE,2024-09-13 11:55:44
BmHxUp@mail.ru,DELETE,2024-09-13 16:23:55
fMFQJPH@mail.ru,UPDATE,2024-09-13 11:25:42
PaQXG@ya.ru,DELETE,2024-09-13 22:54:49
oexVCV@mail.ru,UPDATE,2024-09-13 04:30:02
FRLRU@mail.ru,UPDATE,2024-09-13 10:28:22
mnxYneVe@gmail.com,UPDATE,2024-09-13 18:26:28
BmHxUp@mail.ru,READ,2024-09-13 12:03:07
PaQXG@ya.ru,CREATE,2024-09-13 18:06:53
mnxYneVe@gmail.com,UPDATE,2024-09-13 16:58:32
mNMsiOdT@mail.ru,CREATE,2024-09-13 08:58:56
FRLRU@mail.ru,CREATE,2024-09-13 18:07:14
mNMsiOdT@mail.ru,CREATE,2024-09-13 09:06:36
PaQXG@ya.ru,READ,2024-09-13 19:37:46
PuNrIiPJpHKVRU@ya.ru,DELETE,2024-09-13 11:17:56
BmHxUp@mail.ru,CREATE,2024-09-13 20:56:09
BmHxUp@mail.ru,CREATE,2024-09-13 13:44:30
eYGkusKol@ya.ru,CREATE,2024-09-13 08:55:42
FRLRU@mail.ru,READ,2024-09-13 15:33:05
oexVCV@mail.ru,UPDATE,2024-09-13 12:19:29
mnxYneVe@gmail.com,DELETE,2024-09-13 00:19:48
PaQXG@ya.ru,DELETE,2024-09-13 13:33:40
oexVCV@mail.ru,READ,2024-09-13 23:52:46
oexVCV@mail.ru,READ,2024-09-13 22:31:49
eYGkusKol@ya.ru,UPDATE,2024-09-13 02:12:32
BmHxUp@mail.ru,READ,2024-09-13 06:18:46
boSbNaTv@ya.ru,READ,2024-09-13 08:38:28
PaQXG@ya.ru,DELETE,2024-09-13 20:34:45
fMFQJPH@mail.ru,DELETE,2024-09-13 19:25:08
boSbNaTv@ya.ru,UPDATE,2024-09-13 02:51:17
FRLRU@mail.ru,READ,2024-09-13 08:12:04
mnxYneVe@gmail.com,READ,2024-09-13 05:11:08
eYGkusKol@ya.ru,UPDATE,2024-09-13 21:04:14
oexVCV@mail.ru,DELETE,2024-09-13 21:01:03
BmHxUp@mail.ru,UPDATE,2024-09-13 09:43:28
mnxYneVe@gmail.com,READ,2024-09-13 00:53:22
FRLRU@mail.ru,READ,2024-09-13 19:31:01
boSbNaTv@ya.ru,UPDATE,2024-09-13 03:06:16
BmHxUp@mail.ru,CREATE,2024-09-13 05:54:11
boSbNaTv@ya.ru,DELETE,2024-09-13 22:36:48
PaQXG@ya.ru,READ,2024-09-13 09:49:48
PuNrIiPJpHKVRU@ya.ru,READ,2024-09-13 22:32:01
PaQXG@ya.ru,DELETE,2024-09-13 12:38:06
PuNrIiPJpHKVRU@ya.ru,UPDATE,2024-09-13 23:52:40
PaQXG@ya.ru,DELETE,2024-09-13 16:33:42
BmHxUp@mail.ru,CREATE,2024-09-13 09:50:49
FRLRU@mail.ru,UPDATE,2024-09-13 03:27:47
fMFQJPH@mail.ru,READ,2024-09-13 16:13:34
eYGkusKol@ya.ru,DELETE,2024-09-13 12:44:09
mNMsiOdT@mail.ru,CREATE,2024-09-13 05:25:12
fMFQJPH@mail.ru,UPDATE,2024-09-13 19:50:01
BmHxUp@mail.ru,DELETE,2024-09-13 06:05:03
oexVCV@mail.ru,READ,2024-09-13 21:11:31
FRLRU@mail.ru,CREATE,2024-09-13 00:28:31
mNMsiOdT@mail.ru,CREATE,2024-09-13 15:10:48
mnxYneVe@gmail.com,CREATE,2024-09-13 07:07:58
mNMsiOdT@mail.ru,READ,2024-09-13 17:46:46
PuNrIiPJpHKVRU@ya.ru,READ,2024-09-13 18:35:37
mnxYneVe@gmail.com,CREATE,2024-09-13 11:02:16
boSbNaTv@ya.ru,UPDATE,2024-09-13 13:31:20
BmHxUp@mail.ru,READ,2024-09-13 01:56:14
oexVCV@mail.ru,DELETE,2024-09-13 19:29:21
PuNrIiPJpHKVRU@ya.ru,CREATE,2024-09-13 15:37:48
PuNrIiPJpHKVRU@ya.ru,DELETE,2024-09-13 21:20:06
BmHxUp@mail.ru,DELETE,2024-09-13 07:41:15
PaQXG@ya.ru,DELETE,2024-09-13 21:50:46
oexVCV@mail.ru,UPDATE,2024-09-13 23:33:44
PaQXG@ya.ru,READ,2024-09-13 00:30:52
mNMsiOdT@mail.ru,CREATE,2024-09-13 09:29:13
PuNrIiPJpHKVRU@ya.ru,CREATE,2024-09-13 16:08:46
PuNrIiPJpHKVRU@ya.ru,UPDATE,2024-09-13 11:37:18
eYGkusKol@ya.ru,DELETE,2024-09-13 05:51:10
PaQXG@ya.ru,UPDATE,2024-09-13 07:01:27
boSbNaTv@ya.ru,CREATE,2024-09-13 12:38:17
PaQXG@ya.ru,UPDATE,2024-09-13 13:03:12
oexVCV@mail.ru,UPDATE,2024-09-13 10:40:45
oexVCV@mail.ru,READ,2024-09-13 08:48:19
mnxYneVe@gmail.com,UPDATE,2024-09-13 13:19:52
BmHxUp@mail.ru,UPDATE,2024-09-13 06:03:34
PaQXG@ya.ru,UPDATE,2024-09-13 05:13:08
PuNrIiPJpHKVRU@ya.ru,UPDATE,2024-09-13 22:20:51
mnxYneVe@gmail.com,UPDATE,2024-09-13 13:29:37
mnxYneVe@gmail.com,UPDATE,2024-09-13 19:08:17
fMFQJPH@mail.ru,DELETE,2024-09-13 02:36:32
oexVCV@mail.ru,DELETE,2024-09-13 03:19:51
fMFQJPH@mail.ru,CREATE,2024-09-13 06:10:53
eYGkusKol@ya.ru,READ,2024-09-13 00:42:14
fMFQJPH@mail.ru,READ,2024-09-13 05:51:05
oexVCV@mail.ru,CREATE,2024-09-13 01:16:51
boSbNaTv@ya.ru,READ,2024-09-13 01:42:41
FRLRU@mail.ru,CREATE,2024-09-13 06:29:10
PaQXG@ya.ru,UPDATE,2024-09-13 16:43:57
PaQXG@ya.ru,DELETE,2024-09-13 01:22:05
PaQXG@ya.ru,READ,2024-09-13 08:06:02
BmHxUp@mail.ru,DELETE,2024-09-13 08:01:05
mnxYneVe@gmail.com,CREATE,2024-09-13 02:25:52
BmHxUp@mail.ru,UPDATE,2024-09-13 20:43:43
boSbNaTv@ya.ru,UPDATE,2024-09-13 16:31:25
PaQXG@ya.ru,CREATE,2024-09-13 23:57:58
FRLRU@mail.ru,DELETE,2024-09-13 09:24:02
fMFQJPH@mail.ru,READ,2024-09-13 11:56:58
oexVCV@mail.ru,DELETE,2024-09-13 07:45:47
PaQXG@ya.ru,DELETE,2024-09-13 11:23:49
mnxYneVe@gmail.com,CREATE,2024-09-13 14:33:04
oexVCV@mail.ru,READ,2024-09-13 03:42:40
mnxYneVe@gmail.com,READ,2024-09-13 18:40:07
fMFQJPH@mail.ru,DELETE,2024-09-13 00:15:49
FRLRU@mail.ru,READ,2024-09-13 03:11:24
mnxYneVe@gmail.com,DELETE,2024-09-13 05:16:01
BmHxUp@mail.ru,READ,2024-09-13 03:29:00
PaQXG@ya.ru,DELETE,2024-09-13 04:54:02
PuNrIiPJpHKVRU@ya.ru,READ,2024-09-13 11:44:44
BmHxUp@mail.ru,READ,2024-09-13 14:20:54
boSbNaTv@ya.ru,DELETE,2024-09-13 07:09:37
FRLRU@mail.ru,CREATE,2024-09-13 00:47:40
PuNrIiPJpHKVRU@ya.ru,UPDATE,2024-09-13 13:26:49
PuNrIiPJpHKVRU@ya.ru,DELETE,2024-09-13 22:17:21
fMFQJPH@mail.ru,UPDATE,2024-09-13 19:24:11
PaQXG@ya.ru,READ,2024-09-13 18:42:48
FRLRU@mail.ru,READ,2024-09-13 21:17:55
mnxYneVe@gmail.com,UPDATE,2024-09-13 04:32:16
mnxYneVe@gmail.com,CREATE,2024-09-13 14:42:43
PuNrIiPJpHKVRU@ya.ru,READ,2024-09-13 14:56:19
fMFQJPH@mail.ru,CREATE,2024-09-13 19:07:17
oexVCV@mail.ru,DELETE,2024-09-13 18:37:26
BmHxUp@mail.ru,READ,2024-09-13 00:39:42
mNMsiOdT@mail.ru,CREATE,2024-09-13 19:39:39
FRLRU@mail.ru,DELETE,2024-09-13 23:28:37
PuNrIiPJpHKVRU@ya.ru,DELETE,2024-09-13 09:38:54
boSbNaTv@ya.ru,CREATE,2024-09-13 00:42:26
PuNrIiPJpHKVRU@ya.ru,UPDATE,2024-09-13 04:07:26
PuNrIiPJpHKVRU@ya.ru,UPDATE,2024-09-13 12:01:27
oexVCV@mail.ru,UPDATE,2024-09-13 09:33:50
PuNrIiPJpHKVRU@ya.ru,UPDATE,2024-09-13 03:40:26
PuNrIiPJpHKVRU@ya.ru,DELETE,2024-09-13 17:26:43
mnxYneVe@gmail.com,DELETE,2024-09-13 21:36:44
mnxYneVe@gmail.com,CREATE,2024-09-13 15:32:18
oexVCV@mail.ru,READ,2024-09-13 09:15:50
PaQXG@ya.ru,DELETE,2024-09-13 02:53:18
FRLRU@mail.ru,UPDATE,2024-09-13 15:48:08
eYGkusKol@ya.ru,READ,2024-09-13 22:30:51
boSbNaTv@ya.ru,READ,2024-09-13 10:31:24
mnxYneVe@gmail.com,DELETE,2024-09-13 05:36:57
oexVCV@mail.ru,UPDATE,2024-09-13 03:57:45
boSbNaTv@ya.ru,UPDATE,2024-09-13 17:28:46
mNMsiOdT@mail.ru,CREATE,2024-09-13 02:35:36
FRLRU@mail.ru,CREATE,2024-09-13 05:38:37
PaQXG@ya.ru,CREATE,2024-09-13 23:33:10
PaQXG@ya.ru,CREATE,2024-09-13 10:46:23
oexVCV@mail.ru,CREATE,2024-09-13 15:28:41
BmHxUp@mail.ru,DELETE,2024-09-13 06:35:07
oexVCV@mail.ru,DELETE,2024-09-13 16:43:49
oexVCV@mail.ru,READ,2024-09-13 05:52:33
fMFQJPH@mail.ru,CREATE,2024-09-13 08:19:59
fMFQJPH@mail.ru,UPDATE,2024-09-13 18:28:22
PuNrIiPJpHKVRU@ya.ru,DELETE,2024-09-13 14:16:42
boSbNaTv@ya.ru,CREATE,2024-09-13 03:23:18
boSbNaTv@ya.ru,UPDATE,2024-09-13 23:35:41
BmHxUp@mail.ru,CREATE,2024-09-13 16:27:35
eYGkusKol@ya.ru,READ,2024-09-13 18:29:10
FRLRU@mail.ru,UPDATE,2024-09-13 03:17:20
mnxYneVe@gmail.com,UPDATE,2024-09-13 12:01:26
mNMsiOdT@mail.ru,UPDATE,2024-09-13 19:41:00
fMFQJPH@mail.ru,READ,2024-09-13 03:28:07
eYGkusKol@ya.ru,CREATE,2024-09-13 12:30:03
eYGkusKol@ya.ru,READ,2024-09-13 15:15:25
eYGkusKol@ya.ru,CREATE,2024-09-13 09:12:17
mNMsiOdT@mail.ru,CREATE,2024-09-13 10:59:35
PaQXG@ya.ru,UPDATE,2024-09-13 09:15:40
mNMsiOdT@mail.ru,CREATE,2024-09-13 19:58:52
fMFQJPH@mail.ru,CREATE,2024-09-13 16:19:21
PuNrIiPJpHKVRU@ya.ru,UPDATE,2024-09-13 20:41:34
BmHxUp@mail.ru,UPDATE,2024-09-13 17:22:51
oexVCV@mail.ru,UPDATE,2024-09-13 09:52:18
PuNrIiPJpHKVRU@ya.ru,CREATE,2024-09-13 20:32:57
BmHxUp@mail.ru,UPDATE,2024-09-13 04:14:14
oexVCV@mail.ru,READ,2024-09-13 17:31:05
boSbNaTv@ya.ru,UPDATE,2024-09-13 11:19:58
fMFQJPH@mail.ru,READ,2024-09-13 03:04:19
mNMsiOdT@mail.ru,CREATE,2024-09-13 20:45:31
oexVCV@mail.ru,CREATE,2024-09-13 00:03:26
BmHxUp@mail.ru,UPDATE,2024-09-13 08:19:15
boSbNaTv@ya.ru,CREATE,2024-09-13 04:58:18
PuNrIiPJpHKVRU@ya.ru,CREATE,2024-09-13 16:56:44
fMFQJPH@mail.ru,UPDATE,2024-09-13 19:33:55
eYGkusKol@ya.ru,DELETE,2024-09-13 07:56:40
mNMsiOdT@mail.ru,UPDATE,2024-09-13 07:16:57
oexVCV@mail.ru,READ,2024-09-13 04:51:50
oexVCV@mail.ru,UPDATE,2024-09-13 05:48:51
mNMsiOdT@mail.ru,READ,2024-09-13 00:08:34
mnxYneVe@gmail.com,UPDATE,2024-09-13 03:28:41
oexVCV@mail.ru,CREATE,2024-09-13 05:50:33
boSbNaTv@ya.ru,UPDATE,2024-09-13 03:21:46
PuNrIiPJpHKVRU@ya.ru,UPDATE,2024-09-13 18:35:15
mNMsiOdT@mail.ru,UPDATE,2024-09-13 09:36:57
oexVCV@mail.ru,UPDATE,2024-09-13 23:32:02
fMFQJPH@mail.ru,CREATE,2024-09-13 12:13:58
eYGkusKol@ya.ru,DELETE,2024-09-13 08:08:33
FRLRU@mail.ru,UPDATE,2024-09-13 20:56:46
BmHxUp@mail.ru,UPDATE,2024-09-13 18:43:52
eYGkusKol@ya.ru,READ,2024-09-13 00:39:34
oexVCV@mail.ru,CREATE,2024-09-13 02:11:56
oexVCV@mail.ru,READ,2024-09-13 12:57:34
mNMsiOdT@mail.ru,READ,2024-09-13 06:59:01
boSbNaTv@ya.ru,DELETE,2024-09-13 08:55:22
PuNrIiPJpHKVRU@ya.ru,DELETE,2024-09-13 23:04:24
eYGkusKol@ya.ru,DELETE,2024-09-13 09:22:44
PuNrIiPJpHKVRU@ya.ru,CREATE,2024-09-13 11:26:18
fMFQJPH@mail.ru,UPDATE,2024-09-13 12:01:14
BmHxUp@mail.ru,CREATE,2024-09-13 02:36:39
mNMsiOdT@mail.ru,UPDATE,2024-09-13 20:58:27
fMFQJPH@mail.ru,UPDATE,2024-09-13 15:54:18
BmHxUp@mail.ru,DELETE,2024-09-13 08:24:14
oexVCV@mail.ru,CREATE,2024-09-13 04:50:06
PuNrIiPJpHKVRU@ya.ru,UPDATE,2024-09-13 10:27:49
FRLRU@mail.ru,DELETE,2024-09-13 18:42:54
boSbNaTv@ya.ru,CREATE,2024-09-13 10:47:37
mNMsiOdT@mail.ru,DELETE,2024-09-13 05:39:11
eYGkusKol@ya.ru,CREATE,2024-09-13 23:46:32
fMFQJPH@mail.ru,CREATE,2024-09-13 14:03:22
mNMsiOdT@mail.ru,DELETE,2024-09-13 08:07:35
mNMsiOdT@mail.ru,UPDATE,2024-09-13 19:25:14
PuNrIiPJpHKVRU@ya.ru,READ,2024-09-13 11:04:14
FRLRU@mail.ru,UPDATE,2024-09-13 17:27:31
FRLRU@mail.ru,DELETE,2024-09-13 09:36:57
BmHxUp@mail.ru,CREATE,2024-09-13 07:33:45
PuNrIiPJpHKVRU@ya.ru,DELETE,2024-09-13 03:36:12
BmHxUp@mail.ru,UPDATE,2024-09-13 22:00:27
eYGkusKol@ya.ru,CREATE,2024-09-13 15:06:58
PuNrIiPJpHKVRU@ya.ru,UPDATE,2024-09-13 13:32:12
PuNrIiPJpHKVRU@ya.ru,DELETE,2024-09-13 06:27:40
boSbNaTv@ya.ru,CREATE,2024-09-13 06:50:22
oexVCV@mail.ru,READ,2024-09-13 08:19:52
BmHxUp@mail.ru,READ,2024-09-13 07:15:05
BmHxUp@mail.ru,DELETE,2024-09-13 23:13:27
oexVCV@mail.ru,CREATE,2024-09-13 16:30:19
boSbNaTv@ya.ru,DELETE,2024-09-13 00:15:00
oexVCV@mail.ru,UPDATE,2024-09-13 14:10:07
fMFQJPH@mail.ru,CREATE,2024-09-13 01:34:00
mnxYneVe@gmail.com,READ,2024-09-13 13:57:46
FRLRU@mail.ru,READ,2024-09-13 18:55:13
mnxYneVe@gmail.com,READ,2024-09-13 20:38:09
PuNrIiPJpHKVRU@ya.ru,DELETE,2024-09-13 00:08:42
PaQXG@ya.ru,DELETE,2024-09-13 22:45:50
PuNrIiPJpHKVRU@ya.ru,UPDATE,2024-09-13 09:16:05
FRLRU@mail.ru,DELETE,2024-09-13 16:40:02
PaQXG@ya.ru,CREATE,2024-09-13 12:58:04
boSbNaTv@ya.ru,UPDATE,2024-09-13 10:40:43
PaQXG@ya.ru,UPDATE,2024-09-13 11:06:40
fMFQJPH@mail.ru,CREATE,2024-09-13 14:45:16
oexVCV@mail.ru,CREATE,2024-09-13 03:33:11
PuNrIiPJpHKVRU@ya.ru,CREATE,2024-09-13 00:58:52
fMFQJPH@mail.ru,UPDATE,2024-09-13 02:41:07
FRLRU@mail.ru,READ,2024-09-13 17:04:10
PuNrIiPJpHKVRU@ya.ru,READ,2024-09-13 03:22:57
boSbNaTv@ya.ru,READ,2024-09-13 11:18:11
mNMsiOdT@mail.ru,CREATE,2024-09-13 18:31:54
mNMsiOdT@mail.ru,DELETE,2024-09-13 21:26:28
oexVCV@mail.ru,DELETE,2024-09-13 15:50:42
fMFQJPH@mail.ru,UPDATE,2024-09-13 22:38:58
mnxYneVe@gmail.com,CREATE,2024-09-13 18:54:44
PuNrIiPJpHKVRU@ya.ru,DELETE,2024-09-13 08:39:06
BmHxUp@mail.ru,UPDATE,2024-09-13 22:20:49
PuNrIiPJpHKVRU@ya.ru,CREATE,2024-09-13 09:28:50
BmHxUp@mail.ru,READ,2024-09-13 19:20:33
BmHxUp@mail.ru,DELETE,2024-09-13 01:22:35
oexVCV@mail.ru,UPDATE,2024-09-13 22:15:04
mnxYneVe@gmail.com,UPDATE,2024-09-13 20:42:35
boSbNaTv@ya.ru,CREATE,2024-09-13 15:44:09
mNMsiOdT@mail.ru,CREATE,2024-09-13 08:44:37
PaQXG@ya.ru,CREATE,2024-09-13 01:55:53
PaQXG@ya.ru,READ,2024-09-13 21:53:02
PaQXG@ya.ru,UPDATE,2024-09-13 19:28:53
PuNrIiPJpHKVRU@ya.ru,UPDATE,2024-09-13 10:54:49
boSbNaTv@ya.ru,READ,2024-09-13 23:17:19
boSbNaTv@ya.ru,CREATE,2024-09-13 20:19:58
oexVCV@mail.ru,UPDATE,2024-09-13 06:56:10
mnxYneVe@gmail.com,DELETE,2024-09-13 12:28:03
FRLRU@mail.ru,DELETE,2024-09-13 23:31:54
oexVCV@mail.ru,DELETE,2024-09-13 20:33:16
boSbNaTv@ya.ru,CREATE,2024-09-13 11:05:22
oexVCV@mail.ru,READ,2024-09-13 09:31:03
boSbNaTv@ya.ru,READ,2024-09-13 14:04:58
PaQXG@ya.ru,DELETE,2024-09-13 13:59:02
mnxYneVe@gmail.com,READ,2024-09-13 09:04:21
PaQXG@ya.ru,UPDATE,2024-09-13 18:48:09
PaQXG@ya.ru,UPDATE,2024-09-13 22:07:41
boSbNaTv@ya.ru,DELETE,2024-09-13 03:39:13
eYGkusKol@ya.ru,UPDATE,2024-09-13 15:13:34
PuNrIiPJpHKVRU@ya.ru,READ,2024-09-13 17:13:10
mNMsiOdT@mail.ru,CREATE,2024-09-13 17:41:16
fMFQJPH@mail.ru,CREATE,2024-09-13 13:24:34
mnxYneVe@gmail.com,CREATE,2024-09-13 17:54:44
mnxYneVe@gmail.com,CREATE,2024-09-13 00:20:55
eYGkusKol@ya.ru,READ,2024-09-13 16:15:09
fMFQJPH@mail.ru,UPDATE,2024-09-13 07:47:41
fMFQJPH@mail.ru,UPDATE,2024-09-13 13:39:21
mnxYneVe@gmail.com,UPDATE,2024-09-13 15:20:03
fMFQJPH@mail.ru,UPDATE,2024-09-13 14:44:24
BmHxUp@mail.ru,UPDATE,2024-09-13 13:25:29
boSbNaTv@ya.ru,DELETE,2024-09-13 01:08:41
mnxYneVe@gmail.com,DELETE,2024-09-13 16:47:03
PaQXG@ya.ru,READ,2024-09-13 15:44:07
oexVCV@mail.ru,DELETE,2024-09-13 11:06:31
mnxYneVe@gmail.com,CREATE,2024-09-13 02:58:32
FRLRU@mail.ru,CREATE,2024-09-13 23:47:59
PaQXG@ya.ru,READ,2024-09-13 21:23:12
BmHxUp@mail.ru,READ,2024-09-13 12:36:09
BmHxUp@mail.ru,READ,2024-09-13 03:44:52
PuNrIiPJpHKVRU@ya.ru,UPDATE,2024-09-13 06:36:00
BmHxUp@mail.ru,UPDATE,2024-09-13 00:32:31
mNMsiOdT@mail.ru,UPDATE,2024-09-13 16:42:21
mnxYneVe@gmail.com,DELETE,2024-09-13 03:45:57
eYGkusKol@ya.ru,CREATE,2024-09-13 19:28:52
eYGkusKol@ya.ru,UPDATE,2024-09-13 22:47:31
PaQXG@ya.ru,CREATE,2024-09-13 19:11:19
BmHxUp@mail.ru,UPDATE,2024-09-13 06:19:37
mNMsiOdT@mail.ru,READ,2024-09-13 13:26:25
mNMsiOdT@mail.ru,DELETE,2024-09-13 20:56:19
mNMsiOdT@mail.ru,READ,2024-09-13 09:09:28
boSbNaTv@ya.ru,READ,2024-09-13 20:38:26
BmHxUp@mail.ru,CREATE,2024-09-13 01:22:44
eYGkusKol@ya.ru,DELETE,2024-09-13 23:57:18
PuNrIiPJpHKVRU@ya.ru,CREATE,2024-09-13 22:38:14
PaQXG@ya.ru,CREATE,2024-09-13 06:40:56
eYGkusKol@ya.ru,DELETE,2024-09-13 20:57:11
PuNrIiPJpHKVRU@ya.ru,UPDATE,2024-09-13 18:21:30
mnxYneVe@gmail.com,CREATE,2024-09-13 01:01:56
mNMsiOdT@mail.ru,DELETE,2024-09-13 00:51:35
oexVCV@mail.ru,UPDATE,2024-09-13 19:34:21
fMFQJPH@mail.ru,CREATE,2024-09-13 12:46:49
BmHxUp@mail.ru,READ,2024-09-13 17:25:13
eYGkusKol@ya.ru,DELETE,2024-09-13 03:16:18
boSbNaTv@ya.ru,READ,2024-09-13 16:58:58
FRLRU@mail.ru,DELETE,2024-09-13 12:16:33
PuNrIiPJpHKVRU@ya.ru,UPDATE,2024-09-13 17:41:00
oexVCV@mail.ru,DELETE,2024-09-13 02:23:28
boSbNaTv@ya.ru,CREATE,2024-09-13 08:15:59
boSbNaTv@ya.ru,UPDATE,2024-09-13 03:36:56
BmHxUp@mail.ru,CREATE,2024-09-13 18:52:45
mnxYneVe@gmail.com,DELETE,2024-09-13 11:56:34
eYGkusKol@ya.ru,CREATE,2024-09-13 09:23:20
PaQXG@ya.ru,DELETE,2024-09-13 17:25:06
fMFQJPH@mail.ru,DELETE,2024-09-13 11:57:19
FRLRU@mail.ru,UPDATE,2024-09-13 23:34:23
oexVCV@mail.ru,DELETE,2024-09-13 21:47:20
mnxYneVe@gmail.com,DELETE,2024-09-13 01:26:38
oexVCV@mail.ru,DELETE,2024-09-13 06:08:56
mNMsiOdT@mail.ru,CREATE,2024-09-13 07:30:58
eYGkusKol@ya.ru,READ,2024-09-13 09:46:20
FRLRU@mail.ru,UPDATE,2024-09-13 16:39:16
PuNrIiPJpHKVRU@ya.ru,UPDATE,2024-09-13 06:37:43
BmHxUp@mail.ru,CREATE,2024-09-13 01:12:34
boSbNaTv@ya.ru,CREATE,2024-09-13 23:50:48
eYGkusKol@ya.ru,DELETE,2024-09-13 12:49:33
mnxYneVe@gmail.com,DELETE,2024-09-13 05:30:29
boSbNaTv@ya.ru,CREATE,2024-09-13 08:57:19
oexVCV@mail.ru,DELETE,2024-09-13 04:22:09
eYGkusKol@ya.ru,UPDATE,2024-09-13 19:10:48
BmHxUp@mail.ru,READ,2024-09-13 19:48:25
PuNrIiPJpHKVRU@ya.ru,CREATE,2024-09-13 12:36:33
mNMsiOdT@mail.ru,READ,2024-09-13 01:20:15
fMFQJPH@mail.ru,DELETE,2024-09-13 01:17:14
fMFQJPH@mail.ru,READ,2024-09-13 13:34:32
BmHxUp@mail.ru,DELETE,2024-09-13 08:30:23
fMFQJPH@mail.ru,DELETE,2024-09-13 01:47:37
eYGkusKol@ya.ru,READ,2024-09-13 23:35:54
PuNrIiPJpHKVRU@ya.ru,READ,2024-09-13 04:04:48
BmHxUp@mail.ru,READ,2024-09-13 19:54:23
oexVCV@mail.ru,DELETE,2024-09-13 20:47:37
mnxYneVe@gmail.com,CREATE,2024-09-13 23:56:07
mNMsiOdT@mail.ru,UPDATE,2024-09-13 02:04:33
PaQXG@ya.ru,DELETE,2024-09-13 18:52:26
PuNrIiPJpHKVRU@ya.ru,READ,2024-09-13 00:55:47
mNMsiOdT@mail.ru,DELETE,2024-09-13 22:17:45
FRLRU@mail.ru,UPDATE,2024-09-13 17:31:57
mnxYneVe@gmail.com,DELETE,2024-09-13 20:18:21
mnxYneVe@gmail.com,READ,2024-09-13 14:51:23
mNMsiOdT@mail.ru,READ,2024-09-13 16:11:06
PaQXG@ya.ru,UPDATE,2024-09-13 13:53:25
boSbNaTv@ya.ru,CREATE,2024-09-13 01:18:24
mNMsiOdT@mail.ru,DELETE,2024-09-13 14:53:44
PaQXG@ya.ru,UPDATE,2024-09-13 21:09:55
boSbNaTv@ya.ru,DELETE,2024-09-13 18:08:53
eYGkusKol@ya.ru,READ,2024-09-13 08:12:24
oexVCV@mail.ru,CREATE,2024-09-13 01:59:31
PaQXG@ya.ru,CREATE,2024-09-13 06:12:39
boSbNaTv@ya.ru,UPDATE,2024-09-13 10:58:21
FRLRU@mail.ru,UPDATE,2024-09-13 01:42:56
mNMsiOdT@mail.ru,CREATE,2024-09-13 14:13:56
mNMsiOdT@mail.ru,DELETE,2024-09-13 01:29:00
mnxYneVe@gmail.com,UPDATE,2024-09-13 12:09:24
PuNrIiPJpHKVRU@ya.ru,DELETE,2024-09-13 17:42:23
boSbNaTv@ya.ru,UPDATE,2024-09-13 12:32:29
mnxYneVe@gmail.com,CREATE,2024-09-13 04:37:09
eYGkusKol@ya.ru,CREATE,2024-09-13 13:02:28
PaQXG@ya.ru,UPDATE,2024-09-13 06:41:49
oexVCV@mail.ru,CREATE,2024-09-13 06:56:36
oexVCV@mail.ru,CREATE,2024-09-13 13:44:53
fMFQJPH@mail.ru,CREATE,2024-09-13 19:43:19
FRLRU@mail.ru,CREATE,2024-09-13 16:24:29
FRLRU@mail.ru,UPDATE,2024-09-13 07:45:54
BmHxUp@mail.ru,CREATE,2024-09-13 17:33:21
eYGkusKol@ya.ru,READ,2024-09-13 11:02:34
oexVCV@mail.ru,CREATE,2024-09-13 01:49:56
BmHxUp@mail.ru,CREATE,2024-09-13 10:39:50
BmHxUp@mail.ru,UPDATE,2024-09-13 07:18:50
oexVCV@mail.ru,READ,2024-09-13 11:50:17
FRLRU@mail.ru,READ,2024-09-13 12:10:07
PuNrIiPJpHKVRU@ya.ru,DELETE,2024-09-13 10:53:05
PuNrIiPJpHKVRU@ya.ru,DELETE,2024-09-13 03:03:40
fMFQJPH@mail.ru,UPDATE,2024-09-13 20:44:02
fMFQJPH@mail.ru,UPDATE,2024-09-13 21:41:31
mNMsiOdT@mail.ru,READ,2024-09-13 11:37:30
mNMsiOdT@mail.ru,UPDATE,2024-09-13 11:45:33
PuNrIiPJpHKVRU@ya.ru,UPDATE,2024-09-13 04:38:46
boSbNaTv@ya.ru,DELETE,2024-09-13 01:02:15
PaQXG@ya.ru,DELETE,2024-09-13 08:57:25
boSbNaTv@ya.ru,DELETE,2024-09-13 14:40:25
fMFQJPH@mail.ru,CREATE,2024-09-13 22:47:49
mnxYneVe@gmail.com,READ,2024-09-13 01:26:55
mNMsiOdT@mail.ru,UPDATE,2024-09-13 23:18:40
mnxYneVe@gmail.com,DELETE,2024-09-13 17:59:15
boSbNaTv@ya.ru,READ,2024-09-13 15:12:31
PaQXG@ya.ru,DELETE,2024-09-13 00:52:34
boSbNaTv@ya.ru,UPDATE,2024-09-13 12:00:39
mNMsiOdT@mail.ru,DELETE,2024-09-13 18:04:51
oexVCV@mail.ru,UPDATE,2024-09-13 03:30:42
oexVCV@mail.ru,CREATE,2024-09-13 11:35:55
boSbNaTv@ya.ru,READ,2024-09-13 08:12:11
oexVCV@mail.ru,UPDATE,2024-09-13 18:00:53
PaQXG@ya.ru,UPDATE,2024-09-13 23:40:38
PuNrIiPJpHKVRU@ya.ru,CREATE,2024-09-13 09:23:44
oexVCV@mail.ru,CREATE,2024-09-13 15:36:03
mnxYneVe@gmail.com,READ,2024-09-13 03:53:36
fMFQJPH@mail.ru,UPDATE,2024-09-13 19:08:11
boSbNaTv@ya.ru,UPDATE,2024-09-13 08:23:19
mnxYneVe@gmail.com,READ,2024-09-13 23:10:01
eYGkusKol@ya.ru,UPDATE,2024-09-13 11:32:48
FRLRU@mail.ru,CREATE,2024-09-13 02:35:08
PaQXG@ya.ru,UPDATE,2024-09-13 16:25:44
FRLRU@mail.ru,DELETE,2024-09-13 08:47:09
PaQXG@ya.ru,UPDATE,2024-09-13 11:12:32
FRLRU@mail.ru,READ,2024-09-13 04:54:26
FRLRU@mail.ru,UPDATE,2024-09-13 16:46:19
oexVCV@mail.ru,READ,2024-09-13 17:15:34
PuNrIiPJpHKVRU@ya.ru,CREATE,2024-09-13 07:25:04
PuNrIiPJpHKVRU@ya.ru,CREATE,2024-09-13 16:02:50
mNMsiOdT@mail.ru,UPDATE,2024-09-13 17:53:33
mnxYneVe@gmail.com,CREATE,2024-09-13 23:59:14
PaQXG@ya.ru,UPDATE,2024-09-13 02:49:16
BmHxUp@mail.ru,DELETE,2024-09-13 19:43:13
mnxYneVe@gmail.com,READ,2024-09-13 15:53:07
oexVCV@mail.ru,CREATE,2024-09-13 19:49:05
PaQXG@ya.ru,CREATE,2024-09-13 13:27:57
boSbNaTv@ya.ru,DELETE,2024-09-13 07:50:03
oexVCV@mail.ru,DELETE,2024-09-13 00:51:17
PaQXG@ya.ru,DELETE,2024-09-13 10:01:15
eYGkusKol@ya.ru,READ,2024-09-13 21:50:15
mNMsiOdT@mail.ru,DELETE,2024-09-13 03:29:39
fMFQJPH@mail.ru,READ,2024-09-13 09:28:19
PuNrIiPJpHKVRU@ya.ru,DELETE,2024-09-13 08:33:17
PaQXG@ya.ru,READ,2024-09-13 14:42:58
oexVCV@mail.ru,UPDATE,2024-09-13 08:32:59
fMFQJPH@mail.ru,UPDATE,2024-09-13 10:57:35
fMFQJPH@mail.ru,UPDATE,2024-09-13 20:35:56
BmHxUp@mail.ru,UPDATE,2024-09-13 20:51:20
eYGkusKol@ya.ru,CREATE,2024-09-13 08:43:05
PuNrIiPJpHKVRU@ya.ru,READ,2024-09-13 04:23:05
BmHxUp@mail.ru,UPDATE,2024-09-13 15:01:28
mNMsiOdT@mail.ru,DELETE,2024-09-13 03:24:42
PaQXG@ya.ru,CREATE,2024-09-13 07:07:59
PuNrIiPJpHKVRU@ya.ru,CREATE,2024-09-13 13:55:26
fMFQJPH@mail.ru,DELETE,2024-09-13 08:31:24
fMFQJPH@mail.ru,DELETE,2024-09-13 12:31:54
FRLRU@mail.ru,UPDATE,2024-09-13 17:33:59
eYGkusKol@ya.ru,UPDATE,2024-09-13 00:58:28
FRLRU@mail.ru,UPDATE,2024-09-13 12:37:30
fMFQJPH@mail.ru,READ,2024-09-13 19:24:06
PaQXG@ya.ru,UPDATE,2024-09-13 00:35:33
eYGkusKol@ya.ru,CREATE,2024-09-13 09:09:39
BmHxUp@mail.ru,READ,2024-09-13 14:18:34
PuNrIiPJpHKVRU@ya.ru,CREATE,2024-09-13 22:59:27
eYGkusKol@ya.ru,DELETE,2024-09-13 15:06:50
fMFQJPH@mail.ru,DELETE,2024-09-13 03:34:21
oexVCV@mail.ru,READ,2024-09-13 03:36:14
FRLRU@mail.ru,READ,2024-09-13 22:12:07
BmHxUp@mail.ru,READ,2024-09-13 01:36:58
fMFQJPH@mail.ru,CREATE,2024-09-13 14:29:30
FRLRU@mail.ru,DELETE,2024-09-13 20:20:26
fMFQJPH@mail.ru,UPDATE,2024-09-13 11:31:17
PaQXG@ya.ru,READ,2024-09-13 16:00:18
PaQXG@ya.ru,CREATE,2024-09-13 03:47:20
BmHxUp@mail.ru,CREATE,2024-09-13 23:59:21
PaQXG@ya.ru,UPDATE,2024-09-13 01:01:11
PaQXG@ya.ru,DELETE,2024-09-13 15:49:08
boSbNaTv@ya.ru,DELETE,2024-09-13 16:20:01
fMFQJPH@mail.ru,DELETE,2024-09-13 07:00:25
PaQXG@ya.ru,READ,2024-09-13 15:22:43
PuNrIiPJpHKVRU@ya.ru,READ,2024-09-13 00:58:05
PaQXG@ya.ru,UPDATE,2024-09-13 13:35:45
mNMsiOdT@mail.ru,DELETE,2024-09-13 04:11:29
PuNrIiPJpHKVRU@ya.ru,CREATE,2024-09-13 13:10:53
mNMsiOdT@mail.ru,CREATE,2024-09-13 08:03:28
PuNrIiPJpHKVRU@ya.ru,READ,2024-09-13 18:19:29
FRLRU@mail.ru,CREATE,2024-09-13 15:44:16
boSbNaTv@ya.ru,DELETE,2024-09-13 06:51:38
BmHxUp@mail.ru,CREATE,2024-09-13 05:03:29
mnxYneVe@gmail.com,READ,2024-09-13 16:45:57
FRLRU@mail.ru,CREATE,2024-09-13 09:24:34
mNMsiOdT@mail.ru,READ,2024-09-13 10:23:01
FRLRU@mail.ru,DELETE,2024-09-13 00:42:39
BmHxUp@mail.ru,CREATE,2024-09-13 01:46:42
PaQXG@ya.ru,DELETE,2024-09-13 10:48:18
eYGkusKol@ya.ru,READ,2024-09-13 12:06:24
PuNrIiPJpHKVRU@ya.ru,UPDATE,2024-09-13 18:37:19
PaQXG@ya.ru,UPDATE,2024-09-13 10:25:21
mNMsiOdT@mail.ru,UPDATE,2024-09-13 01:10:37
oexVCV@mail.ru,CREATE,2024-09-13 05:07:17
mNMsiOdT@mail.ru,CREATE,2024-09-13 08:21:32
oexVCV@mail.ru,READ,2024-09-13 00:49:20
eYGkusKol@ya.ru,DELETE,2024-09-13 04:19:57
mNMsiOdT@mail.ru,UPDATE,2024-09-13 02:23:28
boSbNaTv@ya.ru,UPDATE,2024-09-13 16:08:49
mnxYneVe@gmail.com,UPDATE,2024-09-13 02:21:15
oexVCV@mail.ru,READ,2024-09-13 06:12:57
mNMsiOdT@mail.ru,READ,2024-09-13 14:20:05
oexVCV@mail.ru,CREATE,2024-09-13 10:28:17
PuNrIiPJpHKVRU@ya.ru,UPDATE,2024-09-13 21:58:22
eYGkusKol@ya.ru,READ,2024-09-13 11:51:22
eYGkusKol@ya.ru,DELETE,2024-09-13 17:44:58
PaQXG@ya.ru,UPDATE,2024-09-13 11:33:31
oexVCV@mail.ru,DELETE,2024-09-13 10:42:15
FRLRU@mail.ru,CREATE,2024-09-13 17:57:11
eYGkusKol@ya.ru,UPDATE,2024-09-13 17:28:44
BmHxUp@mail.ru,DELETE,2024-09-13 19:32:20
mnxYneVe@gmail.com,DELETE,2024-09-13 06:01:30
oexVCV@mail.ru,DELETE,2024-09-13 06:58:22
boSbNaTv@ya.ru,READ,2024-09-13 18:42:59
FRLRU@mail.ru,CREATE,2024-09-13 05:03:52
eYGkusKol@ya.ru,CREATE,2024-09-13 05:14:08
PuNrIiPJpHKVRU@ya.ru,READ,2024-09-13 20:25:31
BmHxUp@mail.ru,READ,2024-09-13 20:22:08
boSbNaTv@ya.ru,DELETE,2024-09-13 11:44:24
PaQXG@ya.ru,READ,2024-09-13 03:40:32
PaQXG@ya.ru,UPDATE,2024-09-13 13:55:56
eYGkusKol@ya.ru,READ,2024-09-13 13:22:22
PuNrIiPJpHKVRU@ya.ru,UPDATE,2024-09-13 01:05:09
mnxYneVe@gmail.com,UPDATE,2024-09-13 02:38:27
FRLRU@mail.ru,CREATE,2024-09-13 02:07:53
FRLRU@mail.ru,DELETE,2024-09-13 21:32:27
eYGkusKol@ya.ru,UPDATE,2024-09-13 23:13:07
fMFQJPH@mail.ru,UPDATE,2024-09-13 07:25:25
FRLRU@mail.ru,DELETE,2024-09-13 10:33:38
BmHxUp@mail.ru,READ,2024-09-13 08:06:55
mNMsiOdT@mail.ru,DELETE,2024-09-13 00:24:19
eYGkusKol@ya.ru,UPDATE,2024-09-13 02:26:00
PaQXG@ya.ru,UPDATE,2024-09-13 08:45:02
mnxYneVe@gmail.com,UPDATE,2024-09-13 01:58:58
mnxYneVe@gmail.com,CREATE,2024-09-13 15:05:12
PaQXG@ya.ru,UPDATE,2024-09-13 17:02:25
boSbNaTv@ya.ru,DELETE,2024-09-13 17:44:27
PaQXG@ya.ru,UPDATE,2024-09-13 02:24:52
PaQXG@ya.ru,CREATE,2024-09-13 12:09:56
eYGkusKol@ya.ru,CREATE,2024-09-13 02:14:40
BmHxUp@mail.ru,READ,2024-09-13 00:23:00
fMFQJPH@mail.ru,CREATE,2024-09-13 22:00:07
FRLRU@mail.ru,UPDATE,2024-09-13 20:18:29
fMFQJPH@mail.ru,DELETE,2024-09-13 15:36:53
PuNrIiPJpHKVRU@ya.ru,READ,2024-09-13 03:27:29
PaQXG@ya.ru,DELETE,2024-09-13 12:41:46
oexVCV@mail.ru,UPDATE,2024-09-13 02:31:54
BmHxUp@mail.ru,UPDATE,2024-09-13 13:07:02
PaQXG@ya.ru,CREATE,2024-09-13 21:14:15
oexVCV@mail.ru,CREATE,2024-09-13 02:41:23
fMFQJPH@mail.ru,READ,2024-09-13 13:10:09
oexVCV@mail.ru,CREATE,2024-09-13 16:49:30
mNMsiOdT@mail.ru,DELETE,2024-09-13 12:08:37
PaQXG@ya.ru,READ,2024-09-13 10:27:09
fMFQJPH@mail.ru,READ,2024-09-13 21:38:14
BmHxUp@mail.ru,DELETE,2024-09-13 06:40:32
FRLRU@mail.ru,READ,2024-09-13 19:53:20
mNMsiOdT@mail.ru,UPDATE,2024-09-13 11:51:55
FRLRU@mail.ru,READ,2024-09-13 04:32:38
fMFQJPH@mail.ru,UPDATE,2024-09-13 17:53:10
fMFQJPH@mail.ru,CREATE,2024-09-13 11:22:30
oexVCV@mail.ru,CREATE,2024-09-13 20:44:06
boSbNaTv@ya.ru,UPDATE,2024-09-13 05:36:31
PuNrIiPJpHKVRU@ya.ru,UPDATE,2024-09-13 22:23:45
FRLRU@mail.ru,UPDATE,2024-09-13 03:36:23
boSbNaTv@ya.ru,READ,2024-09-13 08:19:56
boSbNaTv@ya.ru,CREATE,2024-09-13 23:44:08
mNMsiOdT@mail.ru,CREATE,2024-09-13 14:21:50
fMFQJPH@mail.ru,UPDATE,2024-09-13 05:34:45
FRLRU@mail.ru,UPDATE,2024-09-13 00:15:49
FRLRU@mail.ru,CREATE,2024-09-13 08:02:19
PuNrIiPJpHKVRU@ya.ru,READ,2024-09-13 07:36:36
fMFQJPH@mail.ru,DELETE,2024-09-13 09:02:33
PaQXG@ya.ru,DELETE,2024-09-13 18:26:28
boSbNaTv@ya.ru,DELETE,2024-09-13 02:26:30
mnxYneVe@gmail.com,DELETE,2024-09-13 16:53:18
BmHxUp@mail.ru,READ,2024-09-13 10:33:19
boSbNaTv@ya.ru,UPDATE,2024-09-13 14:59:21
mNMsiOdT@mail.ru,READ,2024-09-13 08:30:38
boSbNaTv@ya.ru,CREATE,2024-09-13 17:46:27
boSbNaTv@ya.ru,DELETE,2024-09-13 01:27:47
mNMsiOdT@mail.ru,DELETE,2024-09-13 22:17:14
PaQXG@ya.ru,UPDATE,2024-09-13 15:44:01
mNMsiOdT@mail.ru,UPDATE,2024-09-13 22:18:42
mnxYneVe@gmail.com,READ,2024-09-13 12:32:57
boSbNaTv@ya.ru,CREATE,2024-09-13 16:30:47
PaQXG@ya.ru,DELETE,2024-09-13 12:43:12
boSbNaTv@ya.ru,READ,2024-09-13 22:36:07
oexVCV@mail.ru,UPDATE,2024-09-13 16:18:15
PaQXG@ya.ru,CREATE,2024-09-13 02:07:48
eYGkusKol@ya.ru,DELETE,2024-09-13 20:03:16
boSbNaTv@ya.ru,READ,2024-09-13 21:01:37
mNMsiOdT@mail.ru,READ,2024-09-13 04:01:02
mnxYneVe@gmail.com,DELETE,2024-09-13 13:20:28
PaQXG@ya.ru,UPDATE,2024-09-13 23:55:02
PuNrIiPJpHKVRU@ya.ru,UPDATE,2024-09-13 12:04:25
PaQXG@ya.ru,UPDATE,2024-09-13 17:54:26
mnxYneVe@gmail.com,UPDATE,2024-09-13 08:54:59
BmHxUp@mail.ru,READ,2024-09-13 12:37:21
mNMsiOdT@mail.ru,DELETE,2024-09-13 06:12:30
fMFQJPH@mail.ru,DELETE,2024-09-13 22:48:45
PuNrIiPJpHKVRU@ya.ru,CREATE,2024-09-13 16:28:50
PaQXG@ya.ru,READ,2024-09-13 19:33:11
eYGkusKol@ya.ru,READ,2024-09-13 19:39:30
boSbNaTv@ya.ru,UPDATE,2024-09-13 09:00:25
oexVCV@mail.ru,DELETE,2024-09-13 23:17:45
fMFQJPH@mail.ru,READ,2024-09-13 03:51:13
fMFQJPH@mail.ru,READ,2024-09-13 09:58:42
mnxYneVe@gmail.com,CREATE,2024-09-13 05:28:25
boSbNaTv@ya.ru,DELETE,2024-09-13 07:48:40
boSbNaTv@ya.ru,UPDATE,2024-09-13 06:47:17
eYGkusKol@ya.ru,DELETE,2024-09-13 21:40:51
eYGkusKol@ya.ru,READ,2024-09-13 05:10:44
eYGkusKol@ya.ru,READ,2024-09-13 14:31:46
boSbNaTv@ya.ru,READ,2024-09-13 20:46:32
oexVCV@mail.ru,DELETE,2024-09-13 02:07:07
BmHxUp@mail.ru,UPDATE,2024-09-13 20:08:21
oexVCV@mail.ru,UPDATE,2024-09-13 22:42:22
mNMsiOdT@mail.ru,UPDATE,2024-09-13 23:58:24
oexVCV@mail.ru,CREATE,2024-09-13 15:49:55
boSbNaTv@ya.ru,DELETE,2024-09-13 15:02:17
mnxYneVe@gmail.com,READ,2024-09-13 07:43:13
BmHxUp@mail.ru,READ,2024-09-13 00:11:21
PuNrIiPJpHKVRU@ya.ru,UPDATE,2024-09-13 06:24:42
PaQXG@ya.ru,DELETE,2024-09-13 09:18:14
BmHxUp@mail.ru,UPDATE,2024-09-13 15:00:52
oexVCV@mail.ru,DELETE,2024-09-13 11:59:05
PuNrIiPJpHKVRU@ya.ru,CREATE,2024-09-13 04:45:44
PuNrIiPJpHKVRU@ya.ru,UPDATE,2024-09-13 10:54:00
PuNrIiPJpHKVRU@ya.ru,UPDATE,2024-09-13 05:18:54
mNMsiOdT@mail.ru,CREATE,2024-09-13 23:11:02
PuNrIiPJpHKVRU@ya.ru,CREATE,2024-09-13 23:48:34
eYGkusKol@ya.ru,UPDATE,2024-09-13 20:29:46
fMFQJPH@mail.ru,DELETE,2024-09-13 01:00:03
mNMsiOdT@mail.ru,CREATE,2024-09-13 03:18:58
oexVCV@mail.ru,CREATE,2024-09-13 20:19:47
mNMsiOdT@mail.ru,READ,2024-09-13 03:37:13
oexVCV@mail.ru,READ,2024-09-13 22:45:10
mNMsiOdT@mail.ru,CREATE,2024-09-13 15:50:51
mNMsiOdT@mail.ru,DELETE,2024-09-13 13:53:24
PaQXG@ya.ru,UPDATE,2024-09-13 23:40:28
mNMsiOdT@mail.ru,DELETE,2024-09-13 11:46:15
boSbNaTv@ya.ru,DELETE,2024-09-13 00:01:38
mNMsiOdT@mail.ru,READ,2024-09-13 01:51:15
PuNrIiPJpHKVRU@ya.ru,READ,2024-09-13 05:47:41
boSbNaTv@ya.ru,CREATE,2024-09-13 12:34:59
oexVCV@mail.ru,READ,2024-09-13 18:58:09
fMFQJPH@mail.ru,CREATE,2024-09-13 18:05:24
eYGkusKol@ya.ru,CREATE,2024-09-13 18:02:05
FRLRU@mail.ru,DELETE,2024-09-13 13:48:40
eYGkusKol@ya.ru,DELETE,2024-09-13 03:07:50
PaQXG@ya.ru,DELETE,2024-09-13 20:06:03
PuNrIiPJpHKVRU@ya.ru,UPDATE,2024-09-13 14:05:58
PuNrIiPJpHKVRU@ya.ru,UPDATE,2024-09-13 06:22:55
eYGkusKol@ya.ru,CREATE,2024-09-13 23:25:49
fMFQJPH@mail.ru,UPDATE,2024-09-13 00:30:39
oexVCV@mail.ru,UPDATE,2024-09-13 22:03:55
BmHxUp@mail.ru,READ,2024-09-13 08:01:00
mNMsiOdT@mail.ru,UPDATE,2024-09-13 19:56:12
oexVCV@mail.ru,UPDATE,2024-09-13 18:00:09
oexVCV@mail.ru,DELETE,2024-09-13 02:46:36
PaQXG@ya.ru,READ,2024-09-13 09:03:59
mNMsiOdT@mail.ru,CREATE,2024-09-13 12:49:12
eYGkusKol@ya.ru,UPDATE,2024-09-13 03:44:35
mnxYneVe@gmail.com,READ,2024-09-13 07:11:42
mNMsiOdT@mail.ru,READ,2024-09-13 17:27:21
boSbNaTv@ya.ru,DELETE,2024-09-13 08:25:26
mNMsiOdT@mail.ru,UPDATE,2024-09-13 01:08:48
PaQXG@ya.ru,CREATE,2024-09-13 17:35:07
FRLRU@mail.ru,UPDATE,2024-09-13 04:20:24
mnxYneVe@gmail.com,DELETE,2024-09-13 15:29:10
boSbNaTv@ya.ru,CREATE,2024-09-13 05:35:58
PuNrIiPJpHKVRU@ya.ru,DELETE,2024-09-13 06:35:03
mnxYneVe@gmail.com,UPDATE,2024-09-13 03:42:58
BmHxUp@mail.ru,UPDATE,2024-09-13 16:18:03
fMFQJPH@mail.ru,UPDATE,2024-09-13 03:38:33
eYGkusKol@ya.ru,CREATE,2024-09-13 19:48:04
boSbNaTv@ya.ru,READ,2024-09-13 05:20:01
oexVCV@mail.ru,UPDATE,2024-09-13 10:22:24
mnxYneVe@gmail.com,DELETE,2024-09-13 03:24:44
oexVCV@mail.ru,CREATE,2024-09-13 07:34:04
mnxYneVe@gmail.com,CREATE,2024-09-13 08:54:30
fMFQJPH@mail.ru,CREATE,2024-09-13 02:07:05
mnxYneVe@gmail.com,READ,2024-09-13 19:57:18
BmHxUp@mail.ru,CREATE,2024-09-13 19:49:51
PaQXG@ya.ru,UPDATE,2024-09-13 14:08:10
FRLRU@mail.ru,READ,2024-09-13 15:49:41
eYGkusKol@ya.ru,READ,2024-09-13 07:29:12
boSbNaTv@ya.ru,READ,2024-09-13 12:41:29
FRLRU@mail.ru,UPDATE,2024-09-13 02:34:52
mNMsiOdT@mail.ru,DELETE,2024-09-13 11:51:02
mNMsiOdT@mail.ru,UPDATE,2024-09-13 01:18:15
fMFQJPH@mail.ru,UPDATE,2024-09-13 10:43:46
BmHxUp@mail.ru,CREATE,2024-09-13 08:15:00
FRLRU@mail.ru,UPDATE,2024-09-13 00:01:05
FRLRU@mail.ru,CREATE,2024-09-13 18:59:38
fMFQJPH@mail.ru,UPDATE,2024-09-13 16:07:12
PaQXG@ya.ru,DELETE,2024-09-13 07:58:42
PuNrIiPJpHKVRU@ya.ru,UPDATE,2024-09-13 01:42:13
fMFQJPH@mail.ru,DELETE,2024-09-13 14:58:46
oexVCV@mail.ru,DELETE,2024-09-13 02:10:03
mNMsiOdT@mail.ru,READ,2024-09-13 01:38:39
fMFQJPH@mail.ru,CREATE,2024-09-13 07:16:01
mnxYneVe@gmail.com,DELETE,2024-09-13 23:01:37
eYGkusKol@ya.ru,UPDATE,2024-09-13 04:59:31
oexVCV@mail.ru,DELETE,2024-09-13 00:51:51
eYGkusKol@ya.ru,DELETE,2024-09-13 06:06:00
mNMsiOdT@mail.ru,READ,2024-09-13 01:59:48
PuNrIiPJpHKVRU@ya.ru,UPDATE,2024-09-13 03:11:15
oexVCV@mail.ru,UPDATE,2024-09-13 12:37:18
boSbNaTv@ya.ru,DELETE,2024-09-13 19:37:01
PuNrIiPJpHKVRU@ya.ru,READ,2024-09-13 01:22:01
boSbNaTv@ya.ru,READ,2024-09-13 07:17:38
mnxYneVe@gmail.com,READ,2024-09-13 03:47:59
eYGkusKol@ya.ru,DELETE,2024-09-13 00:14:09
FRLRU@mail.ru,UPDATE,2024-09-13 08:41:03
BmHxUp@mail.ru,CREATE,2024-09-13 02:08:06
PaQXG@ya.ru,CREATE,2024-09-13 23:12:39
mnxYneVe@gmail.com,UPDATE,2024-09-13 21:41:07
fMFQJPH@mail.ru,DELETE,2024-09-13 17:52:44
mnxYneVe@gmail.com,CREATE,2024-09-13 08:26:10
FRLRU@mail.ru,CREATE,2024-09-13 07:33:19
fMFQJPH@mail.ru,READ,2024-09-13 22:02:42
eYGkusKol@ya.ru,DELETE,2024-09-13 07:45:07
mNMsiOdT@mail.ru,UPDATE,2024-09-13 23:19:18
mnxYneVe@gmail.com,DELETE,2024-09-13 21:17:46
boSbNaTv@ya.ru,DELETE,2024-09-13 09:55:20
mnxYneVe@gmail.com,UPDATE,2024-09-13 22:51:41
boSbNaTv@ya.ru,CREATE,2024-09-13 17:05:40
eYGkusKol@ya.ru,UPDATE,2024-09-13 12:52:15
oexVCV@mail.ru,DELETE,2024-09-13 12:11:33
BmHxUp@mail.ru,DELETE,2024-09-13 23:56:54
boSbNaTv@ya.ru,UPDATE,2024-09-13 20:06:07
PuNrIiPJpHKVRU@ya.ru,CREATE,2024-09-13 17:49:21
mnxYneVe@gmail.com,READ,2024-09-13 02:08:46
mNMsiOdT@mail.ru,DELETE,2024-09-13 12:00:00
PuNrIiPJpHKVRU@ya.ru,DELETE,2024-09-13 14:42:59
oexVCV@mail.ru,UPDATE,2024-09-13 04:42:06
fMFQJPH@mail.ru,CREATE,2024-09-13 18:03:16
PaQXG@ya.ru,CREATE,2024-09-13 21:44:31
boSbNaTv@ya.ru,UPDATE,2024-09-13 16:55:22
mNMsiOdT@mail.ru,CREATE,2024-09-13 08:25:16
BmHxUp@mail.ru,CREATE,2024-09-13 06:58:39
oexVCV@mail.ru,CREATE,2024-09-13 10:44:46
mNMsiOdT@mail.ru,DELETE,2024-09-13 21:39:13
PaQXG@ya.ru,READ,2024-09-13 21:42:42
BmHxUp@mail.ru,READ,2024-09-13 02:06:17
mnxYneVe@gmail.com,READ,2024-09-13 19:07:40
FRLRU@mail.ru,UPDATE,2024-09-13 23:13:46
mnxYneVe@gmail.com,UPDATE,2024-09-13 00:24:35
eYGkusKol@ya.ru,UPDATE,2024-09-13 12:55:26
oexVCV@mail.ru,UPDATE,2024-09-13 20:35:24
mNMsiOdT@mail.ru,UPDATE,2024-09-13 10:52:01
eYGkusKol@ya.ru,READ,2024-09-13 16:57:05
mnxYneVe@gmail.com,READ,2024-09-13 00:57:42
BmHxUp@mail.ru,UPDATE,2024-09-13 12:06:29
mNMsiOdT@mail.ru,CREATE,2024-09-13 21:58:26
oexVCV@mail.ru,UPDATE,2024-09-13 07:29:51
mnxYneVe@gmail.com,DELETE,2024-09-13 20:21:33
mnxYneVe@gmail.com,UPDATE,2024-09-13 08:33:43
mnxYneVe@gmail.com,CREATE,2024-09-13 19:03:21
PaQXG@ya.ru,CREATE,2024-09-13 03:21:14
mnxYneVe@gmail.com,CREATE,2024-09-13 11:30:00
eYGkusKol@ya.ru,UPDATE,2024-09-13 09:09:27
mnxYneVe@gmail.com,READ,2024-09-13 20:16:22
mNMsiOdT@mail.ru,CREATE,2024-09-13 03:21:41
PuNrIiPJpHKVRU@ya.ru,READ,2024-09-13 06:02:13
eYGkusKol@ya.ru,CREATE,2024-09-13 09:53:21
PaQXG@ya.ru,DELETE,2024-09-13 21:46:01
BmHxUp@mail.ru,UPDATE,2024-09-13 16:02:21
PuNrIiPJpHKVRU@ya.ru,READ,2024-09-13 23:37:12
mNMsiOdT@mail.ru,DELETE,2024-09-13 13:06:19
FRLRU@mail.ru,CREATE,2024-09-13 13:24:56
mNMsiOdT@mail.ru,CREATE,2024-09-13 06:21:16
boSbNaTv@ya.ru,READ,2024-09-13 00:30:09
FRLRU@mail.ru,READ,2024-09-13 18:14:42
mNMsiOdT@mail.ru,CREATE,2024-09-13 11:19:41
oexVCV@mail.ru,READ,2024-09-13 12:11:42
mNMsiOdT@mail.ru,UPDATE,2024-09-13 18:47:07
boSbNaTv@ya.ru,DELETE,2024-09-13 16:45:33
FRLRU@mail.ru,UPDATE,2024-09-13 17:24:11
fMFQJPH@mail.ru,DELETE,2024-09-13 07:20:03
FRLRU@mail.ru,UPDATE,2024-09-13 14:32:24
PaQXG@ya.ru,DELETE,2024-09-13 11:46:09
oexVCV@mail.ru,CREATE,2024-09-13 21:38:45
PuNrIiPJpHKVRU@ya.ru,READ,2024-09-13 07:31:13
PaQXG@ya.ru,READ,2024-09-13 12:13:30
oexVCV@mail.ru,READ,2024-09-13 11:53:52
PaQXG@ya.ru,CREATE,2024-09-13 01:14:19
boSbNaTv@ya.ru,UPDATE,2024-09-13 14:17:59
FRLRU@mail.ru,CREATE,2024-09-13 05:53:03
PaQXG@ya.ru,READ,2024-09-13 23:44:07
fMFQJPH@mail.ru,CREATE,2024-09-13 05:22:53
PaQXG@ya.ru,UPDATE,2024-09-13 21:08:16
eYGkusKol@ya.ru,DELETE,2024-09-13 08:41:52
FRLRU@mail.ru,DELETE,2024-09-13 12:50:47
FRLRU@mail.ru,DELETE,2024-09-13 09:49:53
BmHxUp@mail.ru,UPDATE,2024-09-13 21:01:51
BmHxUp@mail.ru,DELETE,2024-09-13 13:10:51
oexVCV@mail.ru,CREATE,2024-09-13 15:58:30
BmHxUp@mail.ru,CREATE,2024-09-13 23:10:23
eYGkusKol@ya.ru,READ,2024-09-13 19:12:53
oexVCV@mail.ru,READ,2024-09-13 15:01:21
PaQXG@ya.ru,CREATE,2024-09-13 21:02:26
oexVCV@mail.ru,DELETE,2024-09-13 04:28:02
PuNrIiPJpHKVRU@ya.ru,READ,2024-09-13 04:33:34
mNMsiOdT@mail.ru,UPDATE,2024-09-13 11:47:31
PaQXG@ya.ru,UPDATE,2024-09-13 15:09:26
mNMsiOdT@mail.ru,CREATE,2024-09-13 15:50:34
mnxYneVe@gmail.com,UPDATE,2024-09-13 22:33:18
boSbNaTv@ya.ru,READ,2024-09-13 08:16:09
fMFQJPH@mail.ru,CREATE,2024-09-13 02:10:24
PuNrIiPJpHKVRU@ya.ru,UPDATE,2024-09-13 13:32:36
oexVCV@mail.ru,CREATE,2024-09-13 22:27:09
PuNrIiPJpHKVRU@ya.ru,CREATE,2024-09-13 11:05:58
fMFQJPH@mail.ru,DELETE,2024-09-13 00:00:47
eYGkusKol@ya.ru,CREATE,2024-09-13 13:36:57
eYGkusKol@ya.ru,DELETE,2024-09-13 05:06:20
PuNrIiPJpHKVRU@ya.ru,UPDATE,2024-09-13 09:32:34
eYGkusKol@ya.ru,CREATE,2024-09-13 21:42:39
eYGkusKol@ya.ru,CREATE,2024-09-13 21:10:46
mnxYneVe@gmail.com,DELETE,2024-09-13 11:59:01
FRLRU@mail.ru,UPDATE,2024-09-13 01:56:22
PuNrIiPJpHKVRU@ya.ru,UPDATE,2024-09-13 06:07:15
PaQXG@ya.ru,CREATE,2024-09-13 01:41:35
mNMsiOdT@mail.ru,READ,2024-09-13 04:55:03
mnxYneVe@gmail.com,CREATE,2024-09-13 02:28:11
mnxYneVe@gmail.com,CREATE,2024-09-13 05:52:27
PaQXG@ya.ru,READ,2024-09-13 13:56:35
boSbNaTv@ya.ru,CREATE,2024-09-13 23:39:27
PuNrIiPJpHKVRU@ya.ru,CREATE,2024-09-13 09:12:10
fMFQJPH@mail.ru,CREATE,2024-09-13 05:03:57
fMFQJPH@mail.ru,CREATE,2024-09-13 06:35:22
fMFQJPH@mail.ru,CREATE,2024-09-13 08:23:22
fMFQJPH@mail.ru,UPDATE,2024-09-13 11:29:00
FRLRU@mail.ru,CREATE,2024-09-13 23:52:59
PaQXG@ya.ru,UPDATE,2024-09-13 05:48:19
FRLRU@mail.ru,UPDATE,2024-09-13 12:47:47
mNMsiOdT@mail.ru,UPDATE,2024-09-13 01:44:33
BmHxUp@mail.ru,DELETE,2024-09-13 20:37:50
boSbNaTv@ya.ru,UPDATE,2024-09-13 11:03:31
mNMsiOdT@mail.ru,DELETE,2024-09-13 03:56:41
PuNrIiPJpHKVRU@ya.ru,CREATE,2024-09-13 14:47:20
BmHxUp@mail.ru,READ,2024-09-13 00:54:28
boSbNaTv@ya.ru,UPDATE,2024-09-13 23:19:59
BmHxUp@mail.ru,CREATE,2024-09-13 15:45:00
oexVCV@mail.ru,DELETE,2024-09-13 23:56:37
FRLRU@mail.ru,UPDATE,2024-09-13 03:28:47
fMFQJPH@mail.ru,READ,2024-09-13 05:39:44
fMFQJPH@mail.ru,READ,2024-09-13 15:39:38
oexVCV@mail.ru,DELETE,2024-09-13 20:35:19
BmHxUp@mail.ru,CREATE,2024-09-13 16:09:36
fMFQJPH@mail.ru,CREATE,2024-09-13 15:29:20
BmHxUp@mail.ru,READ,2024-09-13 04:37:39
oexVCV@mail.ru,READ,2024-09-13 01:39:51
FRLRU@mail.ru,CREATE,2024-09-13 23:54:37
eYGkusKol@ya.ru,DELETE,2024-09-13 03:00:01
FRLRU@mail.ru,DELETE,2024-09-13 05:55:19
PuNrIiPJpHKVRU@ya.ru,UPDATE,2024-09-13 21:51:39
mNMsiOdT@mail.ru,DELETE,2024-09-13 15:40:20
mNMsiOdT@mail.ru,READ,2024-09-13 07:07:37
boSbNaTv@ya.ru,CREATE,2024-09-13 05:06:03
mNMsiOdT@mail.ru,UPDATE,2024-09-13 13:33:07
FRLRU@mail.ru,CREATE,2024-09-13 08:21:32
mnxYneVe@gmail.com,READ,2024-09-13 01:24:37
PuNrIiPJpHKVRU@ya.ru,CREATE,2024-09-13 23:23:51
BmHxUp@mail.ru,UPDATE,2024-09-13 21:32:39
PuNrIiPJpHKVRU@ya.ru,DELETE,2024-09-13 01:57:13
oexVCV@mail.ru,UPDATE,2024-09-13 10:53:23
FRLRU@mail.ru,DELETE,2024-09-13 01:23:36
oexVCV@mail.ru,DELETE,2024-09-13 01:59:30
mnxYneVe@gmail.com,DELETE,2024-09-13 13:15:11
PaQXG@ya.ru,DELETE,2024-09-13 14:49:43
FRLRU@mail.ru,DELETE,2024-09-13 10:03:37
FRLRU@mail.ru,CREATE,2024-09-13 13:28:27
oexVCV@mail.ru,DELETE,2024-09-13 05:54:56
eYGkusKol@ya.ru,CREATE,2024-09-13 19:56:35
oexVCV@mail.ru,READ,2024-09-13 17:18:18
mnxYneVe@gmail.com,READ,2024-09-13 01:10:37
PaQXG@ya.ru,READ,2024-09-13 21:24:28
PuNrIiPJpHKVRU@ya.ru,UPDATE,2024-09-13 22:52:05
PaQXG@ya.ru,UPDATE,2024-09-13 12:19:34
oexVCV@mail.ru,DELETE,2024-09-13 06:51:42
mnxYneVe@gmail.com,CREATE,2024-09-13 07:16:51
fMFQJPH@mail.ru,UPDATE,2024-09-13 08:06:30
PaQXG@ya.ru,DELETE,2024-09-13 08:55:36
mnxYneVe@gmail.com,UPDATE,2024-09-13 15:03:39
PuNrIiPJpHKVRU@ya.ru,CREATE,2024-09-13 14:56:04
eYGkusKol@ya.ru,READ,2024-09-13 21:17:01
boSbNaTv@ya.ru,UPDATE,2024-09-13 02:27:49
boSbNaTv@ya.ru,CREATE,2024-09-13 14:43:46
fMFQJPH@mail.ru,UPDATE,2024-09-13 01:03:24
PuNrIiPJpHKVRU@ya.ru,DELETE,2024-09-13 00:46:38
FRLRU@mail.ru,DELETE,2024-09-13 22:29:13
mnxYneVe@gmail.com,READ,2024-09-13 17:13:49
FRLRU@mail.ru,READ,2024-09-13 01:12:07
eYGkusKol@ya.ru,CREATE,2024-09-13 14:32:59
mnxYneVe@gmail.com,UPDATE,2024-09-13 08:27:14
FRLRU@mail.ru,DELETE,2024-09-13 02:55:53
BmHxUp@mail.ru,READ,2024-09-13 17:42:49
fMFQJPH@mail.ru,UPDATE,2024-09-13 17:43:48
oexVCV@mail.ru,UPDATE,2024-09-13 11:43:09
BmHxUp@mail.ru,UPDATE,2024-09-13 18:50:08
FRLRU@mail.ru,CREATE,2024-09-13 16:51:51
PaQXG@ya.ru,UPDATE,2024-09-13 11:56:56
PaQXG@ya.ru,CREATE,2024-09-13 11:33:27
PuNrIiPJpHKVRU@ya.ru,UPDATE,2024-09-13 11:30:35
eYGkusKol@ya.ru,UPDATE,2024-09-13 06:18:18
PuNrIiPJpHKVRU@ya.ru,READ,2024-09-13 03:44:00
mNMsiOdT@mail.ru,CREATE,2024-09-13 18:02:40
BmHxUp@mail.ru,CREATE,2024-09-13 09:00:43
oexVCV@mail.ru,UPDATE,2024-09-13 14:17:47
PuNrIiPJpHKVRU@ya.ru,READ,2024-09-13 07:04:41
oexVCV@mail.ru,CREATE,2024-09-13 23:31:38
mNMsiOdT@mail.ru,DELETE,2024-09-13 00:43:30
fMFQJPH@mail.ru,CREATE,2024-09-13 21:39:26
PaQXG@ya.ru,UPDATE,2024-09-13 08:51:02
PaQXG@ya.ru,DELETE,2024-09-13 04:34:37
PaQXG@ya.ru,READ,2024-09-13 13:10:21
mNMsiOdT@mail.ru,CREATE,2024-09-13 01:34:34
fMFQJPH@mail.ru,READ,2024-09-13 11:47:46
oexVCV@mail.ru,UPDATE,2024-09-13 15:47:57
PuNrIiPJpHKVRU@ya.ru,CREATE,2024-09-13 12:01:32
mNMsiOdT@mail.ru,CREATE,2024-09-13 02:49:47
BmHxUp@mail.ru,UPDATE,2024-09-13 08:51:50
PuNrIiPJpHKVRU@ya.ru,CREATE,2024-09-13 07:10:21
mNMsiOdT@mail.ru,CREATE,2024-09-13 08:23:05
eYGkusKol@ya.ru,CREATE,2024-09-13 16:12:46
oexVCV@mail.ru,CREATE,2024-09-13 16:37:35
mnxYneVe@gmail.com,CREATE,2024-09-13 18:20:02
FRLRU@mail.ru,UPDATE,2024-09-13 15:23:44
fMFQJPH@mail.ru,CREATE,2024-09-13 19:36:17
mNMsiOdT@mail.ru,CREATE,2024-09-13 02:00:39
PuNrIiPJpHKVRU@ya.ru,DELETE,2024-09-13 22:35:45
mnxYneVe@gmail.com,UPDATE,2024-09-13 09:54:35
fMFQJPH@mail.ru,CREATE,2024-09-13 12:54:18
mNMsiOdT@mail.ru,DELETE,2024-09-13 00:18:05
FRLRU@mail.ru,CREATE,2024-09-13 08:38:25
eYGkusKol@ya.ru,UPDATE,2024-09-13 06:00:05
BmHxUp@mail.ru,DELETE,2024-09-13 19:35:50
FRLRU@mail.ru,READ,2024-09-13 10:32:08
oexVCV@mail.ru,DELETE,2024-09-13 05:17:03
BmHxUp@mail.ru,UPDATE,2024-09-13 20:42:40
FRLRU@mail.ru,UPDATE,2024-09-13 13:51:09
boSbNaTv@ya.ru,READ,2024-09-13 19:51:54
oexVCV@mail.ru,CREATE,2024-09-13 01:37:35
mNMsiOdT@mail.ru,READ,2024-09-13 03:44:03
oexVCV@mail.ru,CREATE,2024-09-13 13:18:21
FRLRU@mail.ru,CREATE,2024-09-13 14:28:42
fMFQJPH@mail.ru,CREATE,2024-09-13 20:10:15
eYGkusKol@ya.ru,UPDATE,2024-09-13 03:32:09
PuNrIiPJpHKVRU@ya.ru,READ,2024-09-13 16:53:41
mnxYneVe@gmail.com,UPDATE,2024-09-13 12:05:04
mNMsiOdT@mail.ru,CREATE,2024-09-13 23:20:34
boSbNaTv@ya.ru,READ,2024-09-13 05:45:31
mNMsiOdT@mail.ru,READ,2024-09-13 13:04:18
PuNrIiPJpHKVRU@ya.ru,CREATE,2024-09-13 20:06:42
BmHxUp@mail.ru,UPDATE,2024-09-13 09:54:58
PuNrIiPJpHKVRU@ya.ru,CREATE,2024-09-13 09:50:17
FRLRU@mail.ru,READ,2024-09-13 08:29:50
boSbNaTv@ya.ru,CREATE,2024-09-13 15:13:26
oexVCV@mail.ru,READ,2024-09-13 09:05:05
eYGkusKol@ya.ru,CREATE,2024-09-13 10:05:52
mNMsiOdT@mail.ru,CREATE,2024-09-13 01:12:25
PaQXG@ya.ru,UPDATE,2024-09-13 09:38:38
mnxYneVe@gmail.com,DELETE,2024-09-13 23:45:01
BmHxUp@mail.ru,UPDATE,2024-09-13 00:38:16
oexVCV@mail.ru,READ,2024-09-13 10:30:06
oexVCV@mail.ru,UPDATE,2024-09-13 05:14:39
FRLRU@mail.ru,UPDATE,2024-09-13 14:33:35
oexVCV@mail.ru,READ,2024-09-13 20:16:03
PuNrIiPJpHKVRU@ya.ru,READ,2024-09-13 15:45:13
mnxYneVe@gmail.com,DELETE,2024-09-13 16:29:00
boSbNaTv@ya.ru,READ,2024-09-13 08:39:37
mNMsiOdT@mail.ru,READ,2024-09-13 15:28:08
fMFQJPH@mail.ru,DELETE,2024-09-13 14:07:44
eYGkusKol@ya.ru,CREATE,2024-09-13 19:46:34
FRLRU@mail.ru,UPDATE,2024-09-13 07:32:43
FRLRU@mail.ru,CREATE,2024-09-13 18:59:44
FRLRU@mail.ru,DELETE,2024-09-13 01:48:53
boSbNaTv@ya.ru,CREATE,2024-09-13 08:31:32
boSbNaTv@ya.ru,DELETE,2024-09-13 12:55:11
boSbNaTv@ya.ru,CREATE,2024-09-13 08:01:22
fMFQJPH@mail.ru,DELETE,2024-09-13 19:17:22
mnxYneVe@gmail.com,READ,2024-09-13 10:21:39
mNMsiOdT@mail.ru,UPDATE,2024-09-13 02:25:01
oexVCV@mail.ru,UPDATE,2024-09-13 01:56:10
FRLRU@mail.ru,UPDATE,2024-09-13 07:09:05
oexVCV@mail.ru,UPDATE,2024-09-13 01:35:59
PaQXG@ya.ru,CREATE,2024-09-13 11:59:41
eYGkusKol@ya.ru,READ,2024-09-13 05:38:21
FRLRU@mail.ru,READ,2024-09-13 21:23:05
mNMsiOdT@mail.ru,UPDATE,2024-09-13 18:41:52
oexVCV@mail.ru,READ,2024-09-13 16:03:58
PuNrIiPJpHKVRU@ya.ru,DELETE,2024-09-13 23:06:31
oexVCV@mail.ru,DELETE,2024-09-13 13:25:27
fMFQJPH@mail.ru,UPDATE,2024-09-13 12:49:27
FRLRU@mail.ru,CREATE,2024-09-13 01:36:45
PaQXG@ya.ru,CREATE,2024-09-13 05:58:52
fMFQJPH@mail.ru,UPDATE,2024-09-13 19:38:17
PaQXG@ya.ru,CREATE,2024-09-13 10:30:47
oexVCV@mail.ru,DELETE,2024-09-13 11:41:35
mnxYneVe@gmail.com,UPDATE,2024-09-13 06:51:47
fMFQJPH@mail.ru,DELETE,2024-09-13 23:39:53
boSbNaTv@ya.ru,READ,2024-09-13 04:40:25
PuNrIiPJpHKVRU@ya.ru,READ,2024-09-13 20:45:16
oexVCV@mail.ru,UPDATE,2024-09-13 01:01:57
oexVCV@mail.ru,CREATE,2024-09-13 09:40:41
PaQXG@ya.ru,UPDATE,2024-09-13 04:13:59
eYGkusKol@ya.ru,READ,2024-09-13 18:14:12
boSbNaTv@ya.ru,READ,2024-09-13 10:41:52
FRLRU@mail.ru,UPDATE,2024-09-13 21:22:38
mnxYneVe@gmail.com,DELETE,2024-09-13 14:42:37
PuNrIiPJpHKVRU@ya.ru,UPDATE,2024-09-13 04:48:33
mNMsiOdT@mail.ru,CREATE,2024-09-13 08:27:20
PaQXG@ya.ru,UPDATE,2024-09-13 08:37:41
fMFQJPH@mail.ru,CREATE,2024-09-13 08:29:39
mNMsiOdT@mail.ru,UPDATE,2024-09-13 21:21:06
fMFQJPH@mail.ru,DELETE,2024-09-13 04:15:44
PuNrIiPJpHKVRU@ya.ru,DELETE,2024-09-13 21:06:16
mnxYneVe@gmail.com,DELETE,2024-09-13 21:12:46
PaQXG@ya.ru,READ,2024-09-13 15:42:59
eYGkusKol@ya.ru,CREATE,2024-09-13 19:46:54
eYGkusKol@ya.ru,DELETE,2024-09-13 13:01:45
mnxYneVe@gmail.com,READ,2024-09-13 14:06:44
oexVCV@mail.ru,CREATE,2024-09-13 17:57:04
BmHxUp@mail.ru,READ,2024-09-13 20:38:49
PuNrIiPJpHKVRU@ya.ru,UPDATE,2024-09-13 12:58:43
mNMsiOdT@mail.ru,READ,2024-09-13 15:26:38
mNMsiOdT@mail.ru,DELETE,2024-09-13 03:45:14
boSbNaTv@ya.ru,DELETE,2024-09-13 07:53:15
FRLRU@mail.ru,READ,2024-09-13 21:27:34
oexVCV@mail.ru,CREATE,2024-09-13 22:23:23
boSbNaTv@ya.ru,READ,2024-09-13 03:41:57
BmHxUp@mail.ru,CREATE,2024-09-13 14:11:16
FRLRU@mail.ru,UPDATE,2024-09-13 17:50:37
PuNrIiPJpHKVRU@ya.ru,READ,2024-09-13 03:03:51
BmHxUp@mail.ru,DELETE,2024-09-13 02:41:55
BmHxUp@mail.ru,UPDATE,2024-09-13 05:07:43
BmHxUp@mail.ru,READ,2024-09-13 17:53:02
BmHxUp@mail.ru,READ,2024-09-13 15:33:12
boSbNaTv@ya.ru,UPDATE,2024-09-13 09:40:49
BmHxUp@mail.ru,CREATE,2024-09-13 03:22:27
FRLRU@mail.ru,READ,2024-09-13 17:49:39
PuNrIiPJpHKVRU@ya.ru,DELETE,2024-09-13 19:30:47
boSbNaTv@ya.ru,CREATE,2024-09-13 06:43:45
eYGkusKol@ya.ru,UPDATE,2024-09-13 23:47:45
BmHxUp@mail.ru,DELETE,2024-09-13 03:23:15
PuNrIiPJpHKVRU@ya.ru,UPDATE,2024-09-13 16:36:16
oexVCV@mail.ru,READ,2024-09-13 04:54:18
fMFQJPH@mail.ru,UPDATE,2024-09-13 10:48:35
boSbNaTv@ya.ru,UPDATE,2024-09-13 09:30:09
oexVCV@mail.ru,UPDATE,2024-09-13 22:52:26
PaQXG@ya.ru,DELETE,2024-09-13 04:43:34
boSbNaTv@ya.ru,CREATE,2024-09-13 23:08:13
FRLRU@mail.ru,READ,2024-09-13 04:07:21
BmHxUp@mail.ru,READ,2024-09-13 10:02:39
FRLRU@mail.ru,CREATE,2024-09-13 12:19:55
eYGkusKol@ya.ru,DELETE,2024-09-13 11:53:14
PaQXG@ya.ru,DELETE,2024-09-13 03:28:47
PuNrIiPJpHKVRU@ya.ru,UPDATE,2024-09-13 14:34:28
FRLRU@mail.ru,UPDATE,2024-09-13 20:39:38
mNMsiOdT@mail.ru,UPDATE,2024-09-13 08:16:28
PuNrIiPJpHKVRU@ya.ru,UPDATE,2024-09-13 03:30:25
PuNrIiPJpHKVRU@ya.ru,UPDATE,2024-09-13 20:37:45
boSbNaTv@ya.ru,CREATE,2024-09-13 00:44:35
oexVCV@mail.ru,UPDATE,2024-09-13 04:33:22
FRLRU@mail.ru,READ,2024-09-13 21:56:52
BmHxUp@mail.ru,READ,2024-09-13 00:01:06
PuNrIiPJpHKVRU@ya.ru,READ,2024-09-13 09:01:35
mNMsiOdT@mail.ru,CREATE,2024-09-13 08:10:40
fMFQJPH@mail.ru,UPDATE,2024-09-13 22:18:01
FRLRU@mail.ru,DELETE,2024-09-13 01:20:24
FRLRU@mail.ru,CREATE,2024-09-13 22:51:31
PuNrIiPJpHKVRU@ya.ru,DELETE,2024-09-13 05:07:33
boSbNaTv@ya.ru,UPDATE,2024-09-13 10:53:55
eYGkusKol@ya.ru,UPDATE,2024-09-13 04:03:42
eYGkusKol@ya.ru,UPDATE,2024-09-13 13:21:15
oexVCV@mail.ru,READ,2024-09-13 18:16:34
fMFQJPH@mail.ru,DELETE,2024-09-13 03:05:36
mnxYneVe@gmail.com,UPDATE,2024-09-13 21:35:59
PaQXG@ya.ru,CREATE,2024-09-13 23:25:37
boSbNaTv@ya.ru,DELETE,2024-09-13 08:14:38
fMFQJPH@mail.ru,READ,2024-09-13 16:31:22
PaQXG@ya.ru,CREATE,2024-09-13 11:50:51
oexVCV@mail.ru,UPDATE,2024-09-13 00:20:32
FRLRU@mail.ru,CREATE,2024-09-13 03:30:17
mNMsiOdT@mail.ru,READ,2024-09-13 10:23:27
mnxYneVe@gmail.com,READ,2024-09-13 04:20:42
mNMsiOdT@mail.ru,DELETE,2024-09-13 22:45:41
BmHxUp@mail.ru,READ,2024-09-13 22:08:04
oexVCV@mail.ru,DELETE,2024-09-13 16:19:47
FRLRU@mail.ru,READ,2024-09-13 07:56:22
eYGkusKol@ya.ru,READ,2024-09-13 20:04:08
BmHxUp@mail.ru,READ,2024-09-13 07:16:15
BmHxUp@mail.ru,UPDATE,2024-09-13 19:18:45
mnxYneVe@gmail.com,UPDATE,2024-09-13 00:27:07
eYGkusKol@ya.ru,CREATE,2024-09-13 22:28:30
PaQXG@ya.ru,UPDATE,2024-09-13 07:17:14
eYGkusKol@ya.ru,UPDATE,2024-09-13 23:33:07
mNMsiOdT@mail.ru,UPDATE,2024-09-13 14:10:59
FRLRU@mail.ru,CREATE,2024-09-13 17:27:38
mnxYneVe@gmail.com,UPDATE,2024-09-13 05:24:36
mNMsiOdT@mail.ru,CREATE,2024-09-13 12:06:38
BmHxUp@mail.ru,UPDATE,2024-09-13 00:20:50
FRLRU@mail.ru,READ,2024-09-13 08:05:10
mnxYneVe@gmail.com,CREATE,2024-09-13 13:13:51
BmHxUp@mail.ru,DELETE,2024-09-13 20:07:28
boSbNaTv@ya.ru,READ,2024-09-13 05:54:43
mnxYneVe@gmail.com,CREATE,2024-09-13 12:48:40
mnxYneVe@gmail.com,CREATE,2024-09-13 20:14:54
mnxYneVe@gmail.com,UPDATE,2024-09-13 19:03:10
eYGkusKol@ya.ru,READ,2024-09-13 09:17:22
oexVCV@mail.ru,UPDATE,2024-09-13 01:58:36
oexVCV@mail.ru,DELETE,2024-09-13 00:51:25
fMFQJPH@mail.ru,READ,2024-09-13 11:10:37
eYGkusKol@ya.ru,UPDATE,2024-09-13 19:43:14
BmHxUp@mail.ru,UPDATE,2024-09-13 06:34:50
mNMsiOdT@mail.ru,READ,2024-09-13 15:59:17
fMFQJPH@mail.ru,CREATE,2024-09-13 08:54:02
mNMsiOdT@mail.ru,DELETE,2024-09-13 20:45:44
fMFQJPH@mail.ru,UPDATE,2024-09-13 00:14:20
PaQXG@ya.ru,CREATE,2024-09-13 10:06:35
mNMsiOdT@mail.ru,DELETE,2024-09-13 04:02:23
oexVCV@mail.ru,READ,2024-09-13 04:25:09
oexVCV@mail.ru,READ,2024-09-13 11:49:55
PuNrIiPJpHKVRU@ya.ru,DELETE,2024-09-13 19:28:46
mNMsiOdT@mail.ru,READ,2024-09-13 16:05:57
PuNrIiPJpHKVRU@ya.ru,CREATE,2024-09-13 01:04:11
PaQXG@ya.ru,READ,2024-09-13 00:25:01
mNMsiOdT@mail.ru,UPDATE,2024-09-13 15:55:20
mNMsiOdT@mail.ru,DELETE,2024-09-13 10:49:25
PuNrIiPJpHKVRU@ya.ru,CREATE,2024-09-13 09:28:09
PaQXG@ya.ru,CREATE,2024-09-13 04:10:01
BmHxUp@mail.ru,UPDATE,2024-09-13 06:26:39
PaQXG@ya.ru,UPDATE,2024-09-13 11:03:32
PuNrIiPJpHKVRU@ya.ru,DELETE,2024-09-13 13:32:10
mnxYneVe@gmail.com,CREATE,2024-09-13 21:15:30
oexVCV@mail.ru,DELETE,2024-09-13 18:58:13
eYGkusKol@ya.ru,READ,2024-09-13 07:16:06
FRLRU@mail.ru,UPDATE,2024-09-13 11:31:44
PuNrIiPJpHKVRU@ya.ru,UPDATE,2024-09-13 16:55:51
mNMsiOdT@mail.ru,UPDATE,2024-09-13 08:16:56
fMFQJPH@mail.ru,READ,2024-09-13 16:34:00
eYGkusKol@ya.ru,READ,2024-09-13 21:55:45
fMFQJPH@mail.ru,CREATE,2024-09-13 20:51:26
PuNrIiPJpHKVRU@ya.ru,READ,2024-09-13 16:20:15
BmHxUp@mail.ru,DELETE,2024-09-13 21:05:23
eYGkusKol@ya.ru,DELETE,2024-09-13 14:01:34
mNMsiOdT@mail.ru,UPDATE,2024-09-13 07:36:06
PaQXG@ya.ru,DELETE,2024-09-13 23:10:56
mnxYneVe@gmail.com,UPDATE,2024-09-13 01:37:52
FRLRU@mail.ru,DELETE,2024-09-13 14:40:22
mNMsiOdT@mail.ru,CREATE,2024-09-13 12:39:53
mnxYneVe@gmail.com,CREATE,2024-09-13 11:52:26
mnxYneVe@gmail.com,DELETE,2024-09-13 09:53:36
boSbNaTv@ya.ru,DELETE,2024-09-13 03:33:15
PaQXG@ya.ru,CREATE,2024-09-13 06:34:11
mNMsiOdT@mail.ru,UPDATE,2024-09-13 19:45:47
boSbNaTv@ya.ru,READ,2024-09-13 10:23:15
oexVCV@mail.ru,READ,2024-09-13 02:03:37
mnxYneVe@gmail.com,UPDATE,2024-09-13 08:19:18
oexVCV@mail.ru,UPDATE,2024-09-13 12:36:28
eYGkusKol@ya.ru,UPDATE,2024-09-13 06:49:02
boSbNaTv@ya.ru,UPDATE,2024-09-13 03:26:46
PaQXG@ya.ru,DELETE,2024-09-13 07:05:26
mnxYneVe@gmail.com,CREATE,2024-09-13 04:27:52
eYGkusKol@ya.ru,DELETE,2024-09-13 00:16:48
mnxYneVe@gmail.com,DELETE,2024-09-13 04:57:25
boSbNaTv@ya.ru,UPDATE,2024-09-13 12:05:35
mNMsiOdT@mail.ru,CREATE,2024-09-13 03:23:14
PaQXG@ya.ru,READ,2024-09-13 16:34:18
FRLRU@mail.ru,CREATE,2024-09-13 03:22:49
PuNrIiPJpHKVRU@ya.ru,CREATE,2024-09-13 07:45:03
mNMsiOdT@mail.ru,READ,2024-09-13 04:34:00
FRLRU@mail.ru,READ,2024-09-13 11:49:58
boSbNaTv@ya.ru,CREATE,2024-09-13 22:47:06
fMFQJPH@mail.ru,CREATE,2024-09-13 16:43:58
eYGkusKol@ya.ru,CREATE,2024-09-13 00:06:18
PuNrIiPJpHKVRU@ya.ru,CREATE,2024-09-13 08:15:21
fMFQJPH@mail.ru,READ,2024-09-13 03:44:12
BmHxUp@mail.ru,UPDATE,2024-09-13 16:32:21
fMFQJPH@mail.ru,CREATE,2024-09-13 16:50:43
mNMsiOdT@mail.ru,DELETE,2024-09-13 10:47:22
BmHxUp@mail.ru,CREATE,2024-09-13 05:12:14
mnxYneVe@gmail.com,CREATE,2024-09-13 15:50:24
PuNrIiPJpHKVRU@ya.ru,DELETE,2024-09-13 22:07:55
PuNrIiPJpHKVRU@ya.ru,UPDATE,2024-09-13 03:43:55
mnxYneVe@gmail.com,READ,2024-09-13 15:55:27
PaQXG@ya.ru,UPDATE,2024-09-13 22:30:08
mnxYneVe@gmail.com,READ,2024-09-13 18:40:53
fMFQJPH@mail.ru,CREATE,2024-09-13 20:29:39
fMFQJPH@mail.ru,READ,2024-09-13 12:33:16
mnxYneVe@gmail.com,CREATE,2024-09-13 06:47:17
fMFQJPH@mail.ru,UPDATE,2024-09-13 19:05:01
FRLRU@mail.ru,CREATE,2024-09-13 22:47:36
oexVCV@mail.ru,READ,2024-09-13 04:25:59
FRLRU@mail.ru,DELETE,2024-09-13 05:04:42
PaQXG@ya.ru,UPDATE,2024-09-13 21:06:44
eYGkusKol@ya.ru,READ,2024-09-13 22:04:35
PaQXG@ya.ru,READ,2024-09-13 04:06:10
mnxYneVe@gmail.com,CREATE,2024-09-13 11:38:28
mNMsiOdT@mail.ru,READ,2024-09-13 19:34:13
PuNrIiPJpHKVRU@ya.ru,READ,2024-09-13 20:11:04
PaQXG@ya.ru,UPDATE,2024-09-13 10:40:12
boSbNaTv@ya.ru,CREATE,2024-09-13 17:53:30
oexVCV@mail.ru,READ,2024-09-13 04:11:19
PaQXG@ya.ru,UPDATE,2024-09-13 03:17:23
eYGkusKol@ya.ru,DELETE,2024-09-13 23:32:41
mnxYneVe@gmail.com,DELETE,2024-09-13 22:22:59
mnxYneVe@gmail.com,UPDATE,2024-09-13 08:38:06
oexVCV@mail.ru,CREATE,2024-09-13 20:06:28
fMFQJPH@mail.ru,CREATE,2024-09-13 02:43:35
FRLRU@mail.ru,CREATE,2024-09-13 23:35:06
eYGkusKol@ya.ru,CREATE,2024-09-13 12:28:41
PuNrIiPJpHKVRU@ya.ru,READ,2024-09-13 20:00:40
oexVCV@mail.ru,READ,2024-09-13 09:23:35
PaQXG@ya.ru,UPDATE,2024-09-13 13:03:05
FRLRU@mail.ru,UPDATE,2024-09-13 23:19:52
boSbNaTv@ya.ru,DELETE,2024-09-13 15:27:29
oexVCV@mail.ru,READ,2024-09-13 02:01:56
eYGkusKol@ya.ru,DELETE,2024-09-13 09:03:04
PuNrIiPJpHKVRU@ya.ru,READ,2024-09-13 14:49:29
BmHxUp@mail.ru,UPDATE,2024-09-13 01:14:47
mnxYneVe@gmail.com,DELETE,2024-09-13 00:16:01
PaQXG@ya.ru,UPDATE,2024-09-13 19:02:32
eYGkusKol@ya.ru,READ,2024-09-13 09:33:52
eYGkusKol@ya.ru,UPDATE,2024-09-13 21:57:06
BmHxUp@mail.ru,DELETE,2024-09-13 14:29:19
mnxYneVe@gmail.com,CREATE,2024-09-13 23:17:13
oexVCV@mail.ru,READ,2024-09-13 04:51:03
mnxYneVe@gmail.com,DELETE,2024-09-13 09:42:35
BmHxUp@mail.ru,CREATE,2024-09-13 17:26:54
BmHxUp@mail.ru,DELETE,2024-09-13 07:24:35
eYGkusKol@ya.ru,READ,2024-09-13 21:18:22
PuNrIiPJpHKVRU@ya.ru,READ,2024-09-13 22:15:58
FRLRU@mail.ru,READ,2024-09-13 20:50:32
oexVCV@mail.ru,READ,2024-09-13 14:24:21
PaQXG@ya.ru,CREATE,2024-09-13 00:34:18
FRLRU@mail.ru,UPDATE,2024-09-13 15:22:15
oexVCV@mail.ru,READ,2024-09-13 17:51:38
boSbNaTv@ya.ru,READ,2024-09-13 09:49:18
fMFQJPH@mail.ru,CREATE,2024-09-13 17:57:10
oexVCV@mail.ru,READ,2024-09-13 22:36:22
boSbNaTv@ya.ru,CREATE,2024-09-13 04:14:26
PaQXG@ya.ru,DELETE,2024-09-13 18:14:42
mNMsiOdT@mail.ru,UPDATE,2024-09-13 12:46:08
eYGkusKol@ya.ru,UPDATE,2024-09-13 02:17:36
FRLRU@mail.ru,CREATE,2024-09-13 13:59:21
mNMsiOdT@mail.ru,CREATE,2024-09-13 02:16:34
BmHxUp@mail.ru,READ,2024-09-13 19:08:04
PuNrIiPJpHKVRU@ya.ru,UPDATE,2024-09-13 17:54:43
PaQXG@ya.ru,CREATE,2024-09-13 17:57:24
mNMsiOdT@mail.ru,READ,2024-09-13 21:28:31
BmHxUp@mail.ru,READ,2024-09-13 13:04:20
PuNrIiPJpHKVRU@ya.ru,CREATE,2024-09-13 14:30:40
mNMsiOdT@mail.ru,CREATE,2024-09-13 10:05:08
mnxYneVe@gmail.com,DELETE,2024-09-13 07:27:22
fMFQJPH@mail.ru,READ,2024-09-13 08:04:32
BmHxUp@mail.ru,UPDATE,2024-09-13 21:07:10
mNMsiOdT@mail.ru,READ,2024-09-13 12:20:31
boSbNaTv@ya.ru,UPDATE,2024-09-13 16:54:05
PaQXG@ya.ru,UPDATE,2024-09-13 03:51:13
mNMsiOdT@mail.ru,DELETE,2024-09-13 19:15:08
mNMsiOdT@mail.ru,DELETE,2024-09-13 02:13:19
mNMsiOdT@mail.ru,READ,2024-09-13 08:17:31
FRLRU@mail.ru,UPDATE,2024-09-13 21:01:57
PuNrIiPJpHKVRU@ya.ru,DELETE,2024-09-13 16:19:50
fMFQJPH@mail.ru,UPDATE,2024-09-13 07:12:56
mnxYneVe@gmail.com,DELETE,2024-09-13 16:38:47
fMFQJPH@mail.ru,READ,2024-09-13 17:57:13
FRLRU@mail.ru,DELETE,2024-09-13 14:49:34
mnxYneVe@gmail.com,DELETE,2024-09-13 19:38:30
FRLRU@mail.ru,UPDATE,2024-09-13 16:41:02
mnxYneVe@gmail.com,READ,2024-09-13 22:13:46
mnxYneVe@gmail.com,DELETE,2024-09-13 03:50:16
boSbNaTv@ya.ru,DELETE,2024-09-13 03:35:16
FRLRU@mail.ru,READ,2024-09-13 17:04:52
boSbNaTv@ya.ru,CREATE,2024-09-13 15:56:39
PuNrIiPJpHKVRU@ya.ru,CREATE,2024-09-13 14:27:19
eYGkusKol@ya.ru,UPDATE,2024-09-13 01:47:45
FRLRU@mail.ru,CREATE,2024-09-13 21:16:25
mnxYneVe@gmail.com,READ,2024-09-13 03:56:44
FRLRU@mail.ru,CREATE,2024-09-13 06:38:38
oexVCV@mail.ru,CREATE,2024-09-13 20:09:31
FRLRU@mail.ru,READ,2024-09-13 10:54:08
BmHxUp@mail.ru,CREATE,2024-09-13 02:17:29
FRLRU@mail.ru,CREATE,2024-09-13 09:09:33
PuNrIiPJpHKVRU@ya.ru,READ,2024-09-13 17:59:18
PuNrIiPJpHKVRU@ya.ru,CREATE,2024-09-13 02:33:06
oexVCV@mail.ru,READ,2024-09-13 22:28:24
PuNrIiPJpHKVRU@ya.ru,READ,2024-09-13 10:33:37
mnxYneVe@gmail.com,CREATE,2024-09-13 04:26:25
mNMsiOdT@mail.ru,UPDATE,2024-09-13 12:57:29
PaQXG@ya.ru,CREATE,2024-09-13 13:20:24
eYGkusKol@ya.ru,DELETE,2024-09-13 18:09:05
PuNrIiPJpHKVRU@ya.ru,UPDATE,2024-09-13 05:28:28
mnxYneVe@gmail.com,DELETE,2024-09-13 06:09:11
PaQXG@ya.ru,CREATE,2024-09-13 21:09:12
oexVCV@mail.ru,DELETE,2024-09-13 12:13:08
mNMsiOdT@mail.ru,DELETE,2024-09-13 17:22:34
boSbNaTv@ya.ru,READ,2024-09-13 12:27:03
mnxYneVe@gmail.com,DELETE,2024-09-13 05:08:29
BmHxUp@mail.ru,CREATE,2024-09-13 21:22:28
PuNrIiPJpHKVRU@ya.ru,DELETE,2024-09-13 11:58:18
boSbNaTv@ya.ru,READ,2024-09-13 04:20:33
boSbNaTv@ya.ru,UPDATE,2024-09-13 15:33:06
FRLRU@mail.ru,DELETE,2024-09-13 05:31:16
boSbNaTv@ya.ru,DELETE,2024-09-13 21:32:37
fMFQJPH@mail.ru,UPDATE,2024-09-13 14:52:06
PaQXG@ya.ru,CREATE,2024-09-13 02:12:14
PuNrIiPJpHKVRU@ya.ru,DELETE,2024-09-13 18:56:28
boSbNaTv@ya.ru,CREATE,2024-09-13 16:46:01
PaQXG@ya.ru,READ,2024-09-13 16:36:32
PaQXG@ya.ru,UPDATE,2024-09-13 13:02:17
oexVCV@mail.ru,UPDATE,2024-09-13 21:20:00
mnxYneVe@gmail.com,READ,2024-09-13 17:01:32
oexVCV@mail.ru,UPDATE,2024-09-13 19:46:35
PaQXG@ya.ru,DELETE,2024-09-13 08:18:41
mNMsiOdT@mail.ru,CREATE,2024-09-13 13:19:18
BmHxUp@mail.ru,CREATE,2024-09-13 08:14:15
eYGkusKol@ya.ru,UPDATE,2024-09-13 08:29:25
PuNrIiPJpHKVRU@ya.ru,CREATE,2024-09-13 22:43:37
oexVCV@mail.ru,DELETE,2024-09-13 05:47:57
PuNrIiPJpHKVRU@ya.ru,READ,2024-09-13 10:30:21
fMFQJPH@mail.ru,CREATE,2024-09-13 06:27:56
fMFQJPH@mail.ru,DELETE,2024-09-13 23:43:17
boSbNaTv@ya.ru,CREATE,2024-09-13 06:45:13
FRLRU@mail.ru,UPDATE,2024-09-13 01:18:27
PaQXG@ya.ru,READ,2024-09-13 05:45:12
FRLRU@mail.ru,CREATE,2024-09-13 21:44:08
FRLRU@mail.ru,DELETE,2024-09-13 17:50:12
mnxYneVe@gmail.com,UPDATE,2024-09-13 08:14:05
boSbNaTv@ya.ru,DELETE,2024-09-13 19:30:13
mnxYneVe@gmail.com,READ,2024-09-13 15:38:32
PuNrIiPJpHKVRU@ya.ru,DELETE,2024-09-13 17:14:23
boSbNaTv@ya.ru,UPDATE,2024-09-13 14:03:45
mnxYneVe@gmail.com,READ,2024-09-13 06:56:38
PaQXG@ya.ru,CREATE,2024-09-13 18:43:42
PuNrIiPJpHKVRU@ya.ru,UPDATE,2024-09-13 04:17:23
fMFQJPH@mail.ru,DELETE,2024-09-13 09:09:09
fMFQJPH@mail.ru,READ,2024-09-13 20:08:09
mnxYneVe@gmail.com,READ,2024-09-13 10:15:26
mNMsiOdT@mail.ru,DELETE,2024-09-13 23:12:09
mnxYneVe@gmail.com,CREATE,2024-09-13 16:08:23
mnxYneVe@gmail.com,UPDATE,2024-09-13 19:10:51
PuNrIiPJpHKVRU@ya.ru,UPDATE,2024-09-13 12:25:47
boSbNaTv@ya.ru,READ,2024-09-13 07:44:52
oexVCV@mail.ru,UPDATE,2024-09-13 03:08:15
eYGkusKol@ya.ru,DELETE,2024-09-13 20:46:34
fMFQJPH@mail.ru,DELETE,2024-09-13 04:11:41
BmHxUp@mail.ru,DELETE,2024-09-13 00:35:02
eYGkusKol@ya.ru,READ,2024-09-13 08:02:59
FRLRU@mail.ru,READ,2024-09-13 15:48:36
mnxYneVe@gmail.com,READ,2024-09-13 05:36:41
BmHxUp@mail.ru,CREATE,2024-09-13 02:03:17
oexVCV@mail.ru,READ,2024-09-13 12:06:06
PaQXG@ya.ru,READ,2024-09-13 05:20:30
fMFQJPH@mail.ru,CREATE,2024-09-13 06:23:12
fMFQJPH@mail.ru,UPDATE,2024-09-13 06:38:35
FRLRU@mail.ru,CREATE,2024-09-13 23:01:22
mNMsiOdT@mail.ru,READ,2024-09-13 22:11:47
FRLRU@mail.ru,DELETE,2024-09-13 21:14:01
mnxYneVe@gmail.com,CREATE,2024-09-13 23:47:39
FRLRU@mail.ru,CREATE,2024-09-13 09:16:12
PaQXG@ya.ru,DELETE,2024-09-13 04:51:44
boSbNaTv@ya.ru,READ,2024-09-13 01:07:28
BmHxUp@mail.ru,READ,2024-09-13 01:02:07
fMFQJPH@mail.ru,DELETE,2024-09-13 11:45:09
FRLRU@mail.ru,READ,2024-09-13 09:22:08
mNMsiOdT@mail.ru,UPDATE,2024-09-13 01:26:28
boSbNaTv@ya.ru,READ,2024-09-13 00:47:29
mnxYneVe@gmail.com,DELETE,2024-09-13 17:15:59
oexVCV@mail.ru,DELETE,2024-09-13 05:41:52
boSbNaTv@ya.ru,CREATE,2024-09-13 13:02:57
fMFQJPH@mail.ru,CREATE,2024-09-13 15:52:13
mnxYneVe@gmail.com,UPDATE,2024-09-13 02:26:01
fMFQJPH@mail.ru,READ,2024-09-13 00:11:54
PuNrIiPJpHKVRU@ya.ru,CREATE,2024-09-13 06:04:39
mNMsiOdT@mail.ru,UPDATE,2024-09-13 12:38:19
FRLRU@mail.ru,READ,2024-09-13 16:12:49
mnxYneVe@gmail.com,READ,2024-09-13 11:16:02
PaQXG@ya.ru,CREATE,2024-09-13 02:59:45
FRLRU@mail.ru,CREATE,2024-09-13 15:33:22
PaQXG@ya.ru,UPDATE,2024-09-13 15:15:04
boSbNaTv@ya.ru,READ,2024-09-13 17:13:00
boSbNaTv@ya.ru,CREATE,2024-09-13 08:45:16
mNMsiOdT@mail.ru,DELETE,2024-09-13 03:22:22
PuNrIiPJpHKVRU@ya.ru,CREATE,2024-09-13 03:00:39
eYGkusKol@ya.ru,READ,2024-09-13 11:28:42
mNMsiOdT@mail.ru,CREATE,2024-09-13 23:07:57
eYGkusKol@ya.ru,DELETE,2024-09-13 13:43:58
mnxYneVe@gmail.com,DELETE,2024-09-13 14:48:18
mnxYneVe@gmail.com,READ,2024-09-13 02:17:51
mnxYneVe@gmail.com,DELETE,2024-09-13 06:42:03
oexVCV@mail.ru,READ,2024-09-13 11:54:09
FRLRU@mail.ru,DELETE,2024-09-13 02:36:20
eYGkusKol@ya.ru,DELETE,2024-09-13 02:01:33
oexVCV@mail.ru,READ,2024-09-13 23:01:28
PaQXG@ya.ru,READ,2024-09-13 04:20:46
eYGkusKol@ya.ru,UPDATE,2024-09-13 09:09:36
boSbNaTv@ya.ru,DELETE,2024-09-13 11:47:12
eYGkusKol@ya.ru,CREATE,2024-09-13 08:49:33
mnxYneVe@gmail.com,CREATE,2024-09-13 15:38:08
FRLRU@mail.ru,CREATE,2024-09-13 13:33:43
mNMsiOdT@mail.ru,UPDATE,2024-09-13 18:53:30
mnxYneVe@gmail.com,READ,2024-09-13 09:57:52
fMFQJPH@mail.ru,READ,2024-09-13 13:05:13
BmHxUp@mail.ru,READ,2024-09-13 23:13:57
fMFQJPH@mail.ru,UPDATE,2024-09-13 13:53:40
boSbNaTv@ya.ru,DELETE,2024-09-13 04:18:54
PaQXG@ya.ru,READ,2024-09-13 06:35:29
BmHxUp@mail.ru,DELETE,2024-09-13 11:28:55
fMFQJPH@mail.ru,DELETE,2024-09-13 20:53:55
eYGkusKol@ya.ru,READ,2024-09-13 17:21:34
boSbNaTv@ya.ru,UPDATE,2024-09-13 22:57:47
fMFQJPH@mail.ru,READ,2024-09-13 21:49:18
eYGkusKol@ya.ru,DELETE,2024-09-13 21:18:59
BmHxUp@mail.ru,DELETE,2024-09-13 15:10:44
oexVCV@mail.ru,UPDATE,2024-09-13 01:19:16
FRLRU@mail.ru,UPDATE,2024-09-13 09:11:26
FRLRU@mail.ru,UPDATE,2024-09-13 10:06:41
mnxYneVe@gmail.com,CREATE,2024-09-13 06:43:42
oexVCV@mail.ru,CREATE,2024-09-13 09:00:21
oexVCV@mail.ru,CREATE,2024-09-13 12:22:07
fMFQJPH@mail.ru,UPDATE,2024-09-13 14:27:26
PuNrIiPJpHKVRU@ya.ru,UPDATE,2024-09-13 06:54:16
PaQXG@ya.ru,DELETE,2024-09-13 06:07:31
boSbNaTv@ya.ru,DELETE,2024-09-13 05:56:23
fMFQJPH@mail.ru,DELETE,2024-09-13 10:29:52
PaQXG@ya.ru,CREATE,2024-09-13 16:12:29
mNMsiOdT@mail.ru,CREATE,2024-09-13 19:41:31
mnxYneVe@gmail.com,DELETE,2024-09-13 11:06:01
boSbNaTv@ya.ru,READ,2024-09-13 06:59:00
FRLRU@mail.ru,CREATE,2024-09-13 07:07:53
PuNrIiPJpHKVRU@ya.ru,DELETE,2024-09-13 00:49:00
boSbNaTv@ya.ru,CREATE,2024-09-13 11:54:54
boSbNaTv@ya.ru,DELETE,2024-09-13 03:48:40
eYGkusKol@ya.ru,DELETE,2024-09-13 00:34:24
fMFQJPH@mail.ru,READ,2024-09-13 12:26:39
oexVCV@mail.ru,DELETE,2024-09-13 20:02:49
mNMsiOdT@mail.ru,UPDATE,2024-09-13 14:40:32
PuNrIiPJpHKVRU@ya.ru,READ,2024-09-13 09:28:13
BmHxUp@mail.ru,CREATE,2024-09-13 13:03:14
PuNrIiPJpHKVRU@ya.ru,DELETE,2024-09-13 12:03:36
BmHxUp@mail.ru,UPDATE,2024-09-13 12:05:07
fMFQJPH@mail.ru,CREATE,2024-09-13 00:58:18
mnxYneVe@gmail.com,DELETE,2024-09-13 00:50:11
oexVCV@mail.ru,CREATE,2024-09-13 06:56:37
fMFQJPH@mail.ru,DELETE,2024-09-13 08:28:29
BmHxUp@mail.ru,DELETE,2024-09-13 19:08:28
boSbNaTv@ya.ru,UPDATE,2024-09-13 10:05:03
PuNrIiPJpHKVRU@ya.ru,READ,2024-09-13 10:13:53
FRLRU@mail.ru,UPDATE,2024-09-13 02:30:26
PaQXG@ya.ru,UPDATE,2024-09-13 07:19:35
mnxYneVe@gmail.com,UPDATE,2024-09-13 03:19:45
BmHxUp@mail.ru,CREATE,2024-09-13 05:34:09
mnxYneVe@gmail.com,UPDATE,2024-09-13 19:23:36
mNMsiOdT@mail.ru,UPDATE,2024-09-13 10:23:50
oexVCV@mail.ru,DELETE,2024-09-13 02:42:55
fMFQJPH@mail.ru,UPDATE,2024-09-13 22:47:29
mnxYneVe@gmail.com,DELETE,2024-09-13 09:13:54
mNMsiOdT@mail.ru,CREATE,2024-09-13 09:37:19
mNMsiOdT@mail.ru,UPDATE,2024-09-13 19:17:13
mNMsiOdT@mail.ru,CREATE,2024-09-13 10:54:59
mnxYneVe@gmail.com,UPDATE,2024-09-13 14:42:02
fMFQJPH@mail.ru,READ,2024-09-13 02:23:41
FRLRU@mail.ru,READ,2024-09-13 04:29:37
PuNrIiPJpHKVRU@ya.ru,READ,2024-09-13 12:46:44
PuNrIiPJpHKVRU@ya.ru,CREATE,2024-09-13 18:43:35
mnxYneVe@gmail.com,CREATE,2024-09-13 17:48:01
oexVCV@mail.ru,DELETE,2024-09-13 01:01:58
boSbNaTv@ya.ru,DELETE,2024-09-13 09:55:43
oexVCV@mail.ru,DELETE,2024-09-13 20:56:15
boSbNaTv@ya.ru,CREATE,2024-09-13 22:01:43
oexVCV@mail.ru,READ,2024-09-13 17:54:53
PuNrIiPJpHKVRU@ya.ru,READ,2024-09-13 22:43:18
boSbNaTv@ya.ru,UPDATE,2024-09-13 19:32:20
boSbNaTv@ya.ru,DELETE,2024-09-13 11:11:43
PaQXG@ya.ru,DELETE,2024-09-13 04:01:31
boSbNaTv@ya.ru,CREATE,2024-09-13 13:07:55
oexVCV@mail.ru,DELETE,2024-09-13 03:03:14
boSbNaTv@ya.ru,DELETE,2024-09-13 23:13:43
PaQXG@ya.ru,CREATE,2024-09-13 21:29:06
mNMsiOdT@mail.ru,UPDATE,2024-09-13 03:52:34
mNMsiOdT@mail.ru,DELETE,2024-09-13 23:53:23
boSbNaTv@ya.ru,CREATE,2024-09-13 01:22:54
eYGkusKol@ya.ru,CREATE,2024-09-13 00:23:58
boSbNaTv@ya.ru,DELETE,2024-09-13 05:20:30
oexVCV@mail.ru,READ,2024-09-13 17:10:22
eYGkusKol@ya.ru,CREATE,2024-09-13 03:14:32
FRLRU@mail.ru,UPDATE,2024-09-13 06:29:39
eYGkusKol@ya.ru,UPDATE,2024-09-13 01:47:47
eYGkusKol@ya.ru,READ,2024-09-13 01:22:12
PuNrIiPJpHKVRU@ya.ru,UPDATE,2024-09-13 16:39:08
mNMsiOdT@mail.ru,UPDATE,2024-09-13 09:34:25
mNMsiOdT@mail.ru,CREATE,2024-09-13 21:36:31
fMFQJPH@mail.ru,DELETE,2024-09-13 23:26:28
eYGkusKol@ya.ru,DELETE,2024-09-13 05:08:14
fMFQJPH@mail.ru,READ,2024-09-13 09:56:16
mnxYneVe@gmail.com,DELETE,2024-09-13 20:58:23
BmHxUp@mail.ru,READ,2024-09-13 13:13:15
PuNrIiPJpHKVRU@ya.ru,DELETE,2024-09-13 00:40:36
BmHxUp@mail.ru,CREATE,2024-09-13 14:49:51
BmHxUp@mail.ru,READ,2024-09-13 19:33:35
mNMsiOdT@mail.ru,READ,2024-09-13 03:30:03
boSbNaTv@ya.ru,CREATE,2024-09-13 12:14:06
fMFQJPH@mail.ru,READ,2024-09-13 09:17:53
fMFQJPH@mail.ru,CREATE,2024-09-13 10:36:28
fMFQJPH@mail.ru,READ,2024-09-13 03:07:34
BmHxUp@mail.ru,CREATE,2024-09-13 13:02:33
PuNrIiPJpHKVRU@ya.ru,CREATE,2024-09-13 19:03:35
PuNrIiPJpHKVRU@ya.ru,DELETE,2024-09-13 02:16:07
fMFQJPH@mail.ru,UPDATE,2024-09-13 21:39:24
PaQXG@ya.ru,DELETE,2024-09-13 00:37:01
eYGkusKol@ya.ru,UPDATE,2024-09-13 14:36:58
BmHxUp@mail.ru,DELETE,2024-09-13 12:21:32
mnxYneVe@gmail.com,UPDATE,2024-09-13 19:06:33
oexVCV@mail.ru,UPDATE,2024-09-13 00:50:57
mnxYneVe@gmail.com,READ,2024-09-13 11:46:07
fMFQJPH@mail.ru,READ,2024-09-13 13:14:13
mNMsiOdT@mail.ru,UPDATE,2024-09-13 00:30:45
BmHxUp@mail.ru,UPDATE,2024-09-13 13:26:46
oexVCV@mail.ru,READ,2024-09-13 18:51:56
PuNrIiPJpHKVRU@ya.ru,READ,2024-09-13 10:08:12
PuNrIiPJpHKVRU@ya.ru,DELETE,2024-09-13 08:25:02
mNMsiOdT@mail.ru,READ,2024-09-13 20:44:37
PuNrIiPJpHKVRU@ya.ru,UPDATE,2024-09-13 22:54:25
eYGkusKol@ya.ru,UPDATE,2024-09-13 10:43:55
BmHxUp@mail.ru,DELETE,2024-09-13 00:01:35
PuNrIiPJpHKVRU@ya.ru,UPDATE,2024-09-13 07:25:03
mNMsiOdT@mail.ru,DELETE,2024-09-13 13:40:09
eYGkusKol@ya.ru,CREATE,2024-09-13 22:39:57
mNMsiOdT@mail.ru,UPDATE,2024-09-13 18:30:09
mnxYneVe@gmail.com,CREATE,2024-09-13 16:23:30
mNMsiOdT@mail.ru,DELETE,2024-09-13 02:30:27
PuNrIiPJpHKVRU@ya.ru,DELETE,2024-09-13 06:53:18
fMFQJPH@mail.ru,READ,2024-09-13 00:04:57
eYGkusKol@ya.ru,CREATE,2024-09-13 04:41:43
mNMsiOdT@mail.ru,UPDATE,2024-09-13 11:41:46
PaQXG@ya.ru,CREATE,2024-09-13 10:06:48
mnxYneVe@gmail.com,READ,2024-09-13 23:35:18
PuNrIiPJpHKVRU@ya.ru,CREATE,2024-09-13 14:05:16
fMFQJPH@mail.ru,READ,2024-09-13 05:27:14
mNMsiOdT@mail.ru,DELETE,2024-09-13 14:26:51
PaQXG@ya.ru,DELETE,2024-09-13 21:55:33
PaQXG@ya.ru,UPDATE,2024-09-13 01:42:36
fMFQJPH@mail.ru,UPDATE,2024-09-13 05:23:59
BmHxUp@mail.ru,CREATE,2024-09-13 03:53:57
PaQXG@ya.ru,UPDATE,2024-09-13 01:42:51
mNMsiOdT@mail.ru,UPDATE,2024-09-13 00:16:19
oexVCV@mail.ru,READ,2024-09-13 08:59:25
mNMsiOdT@mail.ru,CREATE,2024-09-13 19:05:13
PuNrIiPJpHKVRU@ya.ru,READ,2024-09-13 10:18:51
mnxYneVe@gmail.com,CREATE,2024-09-13 05:09:39
BmHxUp@mail.ru,UPDATE,2024-09-13 15:26:37
PuNrIiPJpHKVRU@ya.ru,DELETE,2024-09-13 12:03:20
fMFQJPH@mail.ru,READ,2024-09-13 02:39:56
mNMsiOdT@mail.ru,READ,2024-09-13 20:03:43
oexVCV@mail.ru,READ,2024-09-13 15:36:20
mnxYneVe@gmail.com,DELETE,2024-09-13 22:00:50
mnxYneVe@gmail.com,DELETE,2024-09-13 22:13:24
boSbNaTv@ya.ru,CREATE,2024-09-13 03:07:39
FRLRU@mail.ru,READ,2024-09-13 18:45:28
boSbNaTv@ya.ru,UPDATE,2024-09-13 06:37:26
mNMsiOdT@mail.ru,DELETE,2024-09-13 19:16:16
FRLRU@mail.ru,UPDATE,2024-09-13 05:12:18
oexVCV@mail.ru,DELETE,2024-09-13 16:08:47
mnxYneVe@gmail.com,UPDATE,2024-09-13 07:49:31
mNMsiOdT@mail.ru,CREATE,2024-09-13 11:20:54
mNMsiOdT@mail.ru,READ,2024-09-13 05:59:51
FRLRU@mail.ru,CREATE,2024-09-13 14:04:43
fMFQJPH@mail.ru,READ,2024-09-13 09:01:20
boSbNaTv@ya.ru,CREATE,2024-09-13 04:57:14
FRLRU@mail.ru,UPDATE,2024-09-13 00:51:02
PaQXG@ya.ru,CREATE,2024-09-13 02:50:13
eYGkusKol@ya.ru,READ,2024-09-13 08:10:47
BmHxUp@mail.ru,UPDATE,2024-09-13 10:26:08
mnxYneVe@gmail.com,DELETE,2024-09-13 20:44:02
FRLRU@mail.ru,UPDATE,2024-09-13 14:21:02
fMFQJPH@mail.ru,CREATE,2024-09-13 20:33:13
fMFQJPH@mail.ru,CREATE,2024-09-13 08:39:21
mNMsiOdT@mail.ru,CREATE,2024-09-13 03:23:34
eYGkusKol@ya.ru,CREATE,2024-09-13 08:57:20
oexVCV@mail.ru,CREATE,2024-09-13 07:11:29
PaQXG@ya.ru,READ,2024-09-13 06:34:14
oexVCV@mail.ru,CREATE,2024-09-13 08:08:31
FRLRU@mail.ru,READ,2024-09-13 03:48:58
mnxYneVe@gmail.com,DELETE,2024-09-13 02:21:20
eYGkusKol@ya.ru,DELETE,2024-09-13 21:05:13
boSbNaTv@ya.ru,READ,2024-09-13 03:20:36
boSbNaTv@ya.ru,DELETE,2024-09-13 23:30:53
mnxYneVe@gmail.com,CREATE,2024-09-13 20:32:25
PuNrIiPJpHKVRU@ya.ru,DELETE,2024-09-13 01:27:47
PaQXG@ya.ru,UPDATE,2024-09-13 03:10:41
FRLRU@mail.ru,UPDATE,2024-09-13 18:15:39
fMFQJPH@mail.ru,UPDATE,2024-09-13 06:44:33
BmHxUp@mail.ru,READ,2024-09-13 19:50:30
oexVCV@mail.ru,CREATE,2024-09-13 06:06:51
mNMsiOdT@mail.ru,UPDATE,2024-09-13 13:20:04
PaQXG@ya.ru,UPDATE,2024-09-13 11:11:23
fMFQJPH@mail.ru,DELETE,2024-09-13 15:16:26
PuNrIiPJpHKVRU@ya.ru,DELETE,2024-09-13 21:35:52
mNMsiOdT@mail.ru,CREATE,2024-09-13 23:19:31
mnxYneVe@gmail.com,UPDATE,2024-09-13 14:38:57
FRLRU@mail.ru,DELETE,2024-09-13 01:12:06
eYGkusKol@ya.ru,DELETE,2024-09-13 18:36:00
BmHxUp@mail.ru,DELETE,2024-09-13 08:55:30
PuNrIiPJpHKVRU@ya.ru,CREATE,2024-09-13 04:55:31
oexVCV@mail.ru,READ,2024-09-13 00:51:44
fMFQJPH@mail.ru,CREATE,2024-09-13 16:03:29
PaQXG@ya.ru,CREATE,2024-09-13 20:04:37
oexVCV@mail.ru,DELETE,2024-09-13 18:33:05
mnxYneVe@gmail.com,READ,2024-09-13 18:41:34
oexVCV@mail.ru,CREATE,2024-09-13 18:26:50
eYGkusKol@ya.ru,READ,2024-09-13 09:17:18
mnxYneVe@gmail.com,CREATE,2024-09-13 13:18:58
mnxYneVe@gmail.com,DELETE,2024-09-13 19:45:04
boSbNaTv@ya.ru,CREATE,2024-09-13 13:25:21
eYGkusKol@ya.ru,UPDATE,2024-09-13 08:52:20
mNMsiOdT@mail.ru,READ,2024-09-13 23:13:06
oexVCV@mail.ru,READ,2024-09-13 05:52:57
oexVCV@mail.ru,DELETE,2024-09-13 13:20:11
FRLRU@mail.ru,READ,2024-09-13 15:47:40
boSbNaTv@ya.ru,DELETE,2024-09-13 21:11:53
PuNrIiPJpHKVRU@ya.ru,UPDATE,2024-09-13 01:21:12
mNMsiOdT@mail.ru,DELETE,2024-09-13 11:59:21
PuNrIiPJpHKVRU@ya.ru,DELETE,2024-09-13 11:34:20
BmHxUp@mail.ru,UPDATE,2024-09-13 18:54:51
oexVCV@mail.ru,DELETE,2024-09-13 20:36:57
boSbNaTv@ya.ru,CREATE,2024-09-13 20:29:05
mNMsiOdT@mail.ru,READ,2024-09-13 16:13:49
boSbNaTv@ya.ru,DELETE,2024-09-13 17:10:11
oexVCV@mail.ru,CREATE,2024-09-13 12:40:49
eYGkusKol@ya.ru,READ,2024-09-13 18:47:18
PaQXG@ya.ru,UPDATE,2024-09-13 15:42:47
mnxYneVe@gmail.com,DELETE,2024-09-13 22:49:05
BmHxUp@mail.ru,CREATE,2024-09-13 22:51:20
eYGkusKol@ya.ru,UPDATE,2024-09-13 11:00:24
BmHxUp@mail.ru,READ,2024-09-13 16:04:56
boSbNaTv@ya.ru,UPDATE,2024-09-13 00:51:00
oexVCV@mail.ru,DELETE,2024-09-13 13:15:46
PaQXG@ya.ru,UPDATE,2024-09-13 05:32:42
mnxYneVe@gmail.com,DELETE,2024-09-13 10:26:36
oexVCV@mail.ru,CREATE,2024-09-13 13:05:36
oexVCV@mail.ru,READ,2024-09-13 02:54:37
mNMsiOdT@mail.ru,CREATE,2024-09-13 19:58:12
eYGkusKol@ya.ru,DELETE,2024-09-13 13:49:42
fMFQJPH@mail.ru,CREATE,2024-09-13 12:40:12
fMFQJPH@mail.ru,READ,2024-09-13 02:07:05
PaQXG@ya.ru,UPDATE,2024-09-13 10:36:01
mNMsiOdT@mail.ru,UPDATE,2024-09-13 01:20:30
BmHxUp@mail.ru,CREATE,2024-09-13 08:55:55
mNMsiOdT@mail.ru,UPDATE,2024-09-13 10:55:46
PuNrIiPJpHKVRU@ya.ru,CREATE,2024-09-13 22:07:27
boSbNaTv@ya.ru,UPDATE,2024-09-13 02:19:38
oexVCV@mail.ru,CREATE,2024-09-13 11:08:18
oexVCV@mail.ru,CREATE,2024-09-13 13:51:41
fMFQJPH@mail.ru,UPDATE,2024-09-13 09:54:34
boSbNaTv@ya.ru,READ,2024-09-13 17:58:58
boSbNaTv@ya.ru,CREATE,2024-09-13 09:36:01